"PAYMENT_SCHEDULE_ID","LAST_UPDATE_DATE","LAST_UPDATED_BY","CREATION_DATE","CREATED_BY","LAST_UPDATE_LOGIN","DUE_DATE","AMOUNT_DUE_ORIGINAL","AMOUNT_DUE_REMAINING","NUMBER_OF_DUE_DATES","STATUS","INVOICE_CURRENCY_CODE","CLASS","CUST_TRX_TYPE_ID","CUSTOMER_ID","CUSTOMER_SITE_USE_ID","CUSTOMER_TRX_ID","CASH_RECEIPT_ID","ASSOCIATED_CASH_RECEIPT_ID","TERM_ID","TERMS_SEQUENCE_NUMBER","GL_DATE_CLOSED","ACTUAL_DATE_CLOSED","DISCOUNT_DATE","AMOUNT_LINE_ITEMS_ORIGINAL","AMOUNT_LINE_ITEMS_REMAINING","AMOUNT_APPLIED","AMOUNT_ADJUSTED","AMOUNT_IN_DISPUTE","AMOUNT_CREDITED","RECEIVABLES_CHARGES_CHARGED","RECEIVABLES_CHARGES_REMAINING","FREIGHT_ORIGINAL","FREIGHT_REMAINING","TAX_ORIGINAL","TAX_REMAINING","DISCOUNT_ORIGINAL","DISCOUNT_REMAINING","DISCOUNT_TAKEN_EARNED","DISCOUNT_TAKEN_UNEARNED","IN_COLLECTION","CASH_APPLIED_ID_LAST","CASH_APPLIED_DATE_LAST","CASH_APPLIED_AMOUNT_LAST","CASH_APPLIED_STATUS_LAST","CASH_GL_DATE_LAST","CASH_RECEIPT_ID_LAST","CASH_RECEIPT_DATE_LAST","CASH_RECEIPT_AMOUNT_LAST","CASH_RECEIPT_STATUS_LAST","EXCHANGE_RATE_TYPE","EXCHANGE_DATE","EXCHANGE_RATE","ADJUSTMENT_ID_LAST","ADJUSTMENT_DATE_LAST","ADJUSTMENT_GL_DATE_LAST","ADJUSTMENT_AMOUNT_LAST","FOLLOW_UP_DATE_LAST","FOLLOW_UP_CODE_LAST","PROMISE_DATE_LAST","PROMISE_AMOUNT_LAST","COLLECTOR_LAST","CALL_DATE_LAST","TRX_NUMBER","TRX_DATE","ATTRIBUTE_CATEGORY","ATTRIBUTE1","ATTRIBUTE2","ATTRIBUTE3","ATTRIBUTE4","ATTRIBUTE5","ATTRIBUTE6","ATTRIBUTE7","ATTRIBUTE8","ATTRIBUTE9","ATTRIBUTE10","REVERSED_CASH_RECEIPT_ID","AMOUNT_ADJUSTED_PENDING","ATTRIBUTE11","ATTRIBUTE12","ATTRIBUTE13","ATTRIBUTE14","ATTRIBUTE15","GL_DATE","ACCTD_AMOUNT_DUE_REMAINING","PROGRAM_APPLICATION_ID","PROGRAM_ID","PROGRAM_UPDATE_DATE","RECEIPT_CONFIRMED_FLAG","REQUEST_ID","SELECTED_FOR_RECEIPT_BATCH_ID","LAST_CHARGE_DATE","SECOND_LAST_CHARGE_DATE","DISPUTE_DATE","ORG_ID","STAGED_DUNNING_LEVEL","DUNNING_LEVEL_OVERRIDE_DATE","GLOBAL_ATTRIBUTE1","GLOBAL_ATTRIBUTE2","GLOBAL_ATTRIBUTE3","GLOBAL_ATTRIBUTE4","GLOBAL_ATTRIBUTE5","GLOBAL_ATTRIBUTE6","GLOBAL_ATTRIBUTE7","GLOBAL_ATTRIBUTE8","GLOBAL_ATTRIBUTE9","GLOBAL_ATTRIBUTE10","GLOBAL_ATTRIBUTE11","GLOBAL_ATTRIBUTE12","GLOBAL_ATTRIBUTE13","GLOBAL_ATTRIBUTE14","GLOBAL_ATTRIBUTE15","GLOBAL_ATTRIBUTE16","GLOBAL_ATTRIBUTE17","GLOBAL_ATTRIBUTE18","GLOBAL_ATTRIBUTE19","GLOBAL_ATTRIBUTE20","GLOBAL_ATTRIBUTE_CATEGORY","CONS_INV_ID","CONS_INV_ID_REV","EXCLUDE_FROM_DUNNING_FLAG","MRC_CUSTOMER_TRX_ID","MRC_EXCHANGE_RATE_TYPE","MRC_EXCHANGE_DATE","MRC_EXCHANGE_RATE","MRC_ACCTD_AMOUNT_DUE_REMAINING","BR_AMOUNT_ASSIGNED","RESERVED_TYPE","RESERVED_VALUE","ACTIVE_CLAIM_FLAG","EXCLUDE_FROM_CONS_BILL_FLAG","PAYMENT_APPROVAL"
81993,30-OCT-03,1004944,10-OCT-03,1004944,-1,22-FEB-03,161.4,161.4,1,"OP","CHF","INV",1,1004,6154,186186,,,4,1,31-DEC-12,31-DEC-12,,150,150,,,,,0,0,0,0,11.4,11.4,,,,,"",,,,"",,,,,"","",,,,,,,,"",,,,,"23",23-JAN-03,"","","","","","","","","","","",,,"","","","","",23-JAN-03,161.4,,,10-OCT-03,"",,,,,,3537,1,,"","","","","","","","","","","","","","","","","","","","","",,,"","","","","","",,"",,"","",""
177685,02-AUG-06,1008354,02-AUG-06,1008354,4061042,30-AUG-06,14280.76,14280.76,1,"OP","USD","INV",1001,1004,1017,520302,,,4,1,31-DEC-12,31-DEC-12,,13233.1,13233.1,,,,,0,0,0,0,1047.66,1047.66,,,,,"",,,,"",,,,,"","",,,,,,,,"",,,,,"ATZ26",31-JUL-06,"","","","","","","","","","","",,,"","","","","",31-JUL-06,14280.76,222,20428,02-AUG-06,"",4289742,,,,,204,,,"","","","","","","","","","","","","","","","","","","","","",,,"","","","","","",,"",,"","",""
177690,02-AUG-06,1008354,02-AUG-06,1008354,4061054,30-JUL-06,4046.89,4046.89,1,"OP","USD","INV",1001,1004,1017,520307,,,4,1,31-DEC-12,31-DEC-12,,3750,3750,,,,,0,0,0,0,296.89,296.89,,,,,"",,,,"",,,,,"","",,,,,,,,"",,,,,"PC17",30-JUN-06,"","","","","","","","","","","",,,"","","","","",30-JUN-06,4046.89,222,20428,02-AUG-06,"",4289755,,,,,204,,,"","","","","","","","","","","","","","","","","","","","","",,,"","","","","","",,"",,"","",""
177585,01-AUG-06,1319,01-AUG-06,1319,4059696,30-AUG-06,19107.52,19107.52,1,"OP","USD","INV",1023,1004,1078,519802,,,4,1,31-DEC-12,31-DEC-12,,17705.76,17705.76,,,,,0,0,0,0,1401.76,1401.76,,,,,"",,,,"",,,,,"","",,,,,,,,"",,,,,"ABC #36",31-JUL-06,"","","","","","","","","","","",,,"","","","","",31-JUL-06,19107.52,222,20428,01-AUG-06,"",4288424,,,,,458,,,"","","","","","","","","","","","","","","","","","","","","",,,"","","","","","",,"",,"","",""
177600,01-AUG-06,1319,01-AUG-06,1319,4059696,30-AUG-06,4921.01,4921.01,1,"OP","USD","INV",1023,1004,1078,519817,,,4,1,31-DEC-12,31-DEC-12,,4560,4560,,,,,0,0,0,0,361.01,361.01,,,,,"",,,,"",,,,,"","",,,,,,,,"",,,,,"PMPR06",31-JUL-06,"","","","","","","","","","","",,,"","","","","",31-JUL-06,4921.01,222,20428,01-AUG-06,"",4288424,,,,,458,,,"","","","","","","","","","","","","","","","","","","","","",,,"","","","","","",,"",,"","",""
174183,21-JUN-06,1000148,21-JUN-06,1000148,4000706,21-JUL-06,77456.83,77456.83,1,"OP","USD","INV",1361,1004,1017,506337,,,4,1,31-DEC-12,31-DEC-12,,71774.45,71774.45,,,,,0,0,0,0,5682.38,5682.38,,,,,"",,,,"",,,,,"","",,,,,,,,"",,,,,"10033260",21-JUN-06,"","","","","","","","","","","",,,"","","","","",21-JUN-06,77456.83,222,20428,21-JUN-06,"",4226712,,,,,204,,,"","","","","","","","","","","","","","","","","","","","","",,,"","","","","","",,"",,"","",""
176046,12-JUL-06,1000148,12-JUL-06,1000148,4036721,11-AUG-06,77456.83,77456.83,1,"OP","USD","INV",1361,1004,1017,513900,,,4,1,31-DEC-12,31-DEC-12,,71774.45,71774.45,,,,,0,0,0,0,5682.38,5682.38,,,,,"",,,,"",,,,,"","",,,,,,,,"",,,,,"10033399",12-JUL-06,"","","","","","","","","","","",,,"","","","","",12-JUL-06,77456.83,222,20428,12-JUL-06,"",4262699,,,,,204,,,"","","","","","","","","","","","","","","","","","","","","",,,"","","","","","",,"",,"","",""
176498,18-JUL-06,2044,18-JUL-06,2044,4042862,17-AUG-06,211567.74,211567.74,1,"OP","EUR","INV",1480,1004,3193,515364,,,4,1,31-DEC-12,31-DEC-12,,176896.1,176896.1,,,,,0,0,0,0,34671.64,34671.64,,,,,"",,,,"",,,,,"","",,,,,,,,"",,,,,"119589",18-JUL-06,"","","","","","","","","","","",,,"","","","","",18-JUL-06,211567.74,222,20428,18-JUL-06,"",4268726,,,,,888,,,"","","","","","","","","","","","","","","","","","","","","",,,"","","","","","",,"",,"","",""
177133,26-JUL-06,2190,26-JUL-06,2190,4052854,25-AUG-06,52973.38,52973.38,1,"OP","EUR","INV",1522,1004,1603,517878,,,4,1,31-DEC-12,31-DEC-12,,44144.48,44144.48,,,,,0,0,0,0,8828.9,8828.9,,,,,"",,,,"",,,,,"","",,,,,,,,"",,,,,"1044",26-JUL-06,"","","","","","","","","","","",,,"","","","","",26-JUL-06,52973.38,222,20428,26-JUL-06,"",4282703,,,,,1017,,,"","","","","","","","","","","","","","","","","","","","","",,,"","","","","","",,"",,"","",""
177795,04-AUG-06,2190,04-AUG-06,2190,4062444,03-SEP-06,60519.62,60519.62,1,"OP","EUR","INV",1522,1004,1603,520811,,,4,1,31-DEC-12,31-DEC-12,,50433.01,50433.01,,,,,0,0,0,0,10086.61,10086.61,,,,,"",,,,"",,,,,"","",,,,,,,,"",,,,,"1054",04-AUG-06,"","","","","","","","","","","",,,"","","","","",04-AUG-06,60519.62,222,20428,04-AUG-06,"",4290992,,,,,1017,,,"","","","","","","","","","","","","","","","","","","","","",,,"","","","","","",,"",,"","",""
177193,26-JUL-06,2189,26-JUL-06,2189,4053192,25-AUG-06,57453.3,57453.3,1,"OP","EUR","INV",1544,1004,1662,518178,,,4,1,31-DEC-12,31-DEC-12,,47482.07,47482.07,,,,,0,0,0,0,9971.23,9971.23,,,,,"",,,,"",,,,,"","",,,,,,,,"",,,,,"415877",26-JUL-06,"","","","","","","","","","","",,,"","","","","",26-JUL-06,57453.3,222,20428,26-JUL-06,"",4283041,,,,,1018,,,"","","","","","","","","","","","","","","","","","","","","",,,"","","","","","",,"",,"","",""
174792,28-JUN-06,1318,28-JUN-06,1318,4008329,28-JUL-06,77160.66,77160.66,1,"OP","USD","INV",2003,1004,1017,509536,,,4,1,31-DEC-12,31-DEC-12,,71500,71500,,,,,0,0,0,0,5660.66,5660.66,,,,,"",,,,"",,,,,"","",,,,,,,,"",,,,,"512502",28-JUN-06,"","","","","","","","","","","",,,"","","","","",28-JUN-06,77160.66,222,20428,28-JUN-06,"",4233657,,,,,204,,,"","","","","","","","","","","","","","","","","","","","","",,,"","","","","","",,"",,"","",""
176828,20-JUL-06,1318,20-JUL-06,1318,4046206,19-AUG-06,79534.83,79534.83,1,"OP","USD","INV",2003,1004,1017,516289,,,4,1,31-DEC-12,31-DEC-12,,73700,73700,,,,,0,0,0,0,5834.83,5834.83,,,,,"",,,,"",,,,,"","",,,,,,,,"",,,,,"512728",20-JUL-06,"","","","","","","","","","","",,,"","","","","",20-JUL-06,79534.83,222,20428,20-JUL-06,"",4271926,,,,,204,,,"","","","","","","","","","","","","","","","","","","","","",,,"","","","","","",,"",,"","",""
176100,12-JUL-06,1007953,12-JUL-06,1007953,4036751,30-JUL-06,10152.88,10152.88,1,"OP","USD","INV",2742,1004,9355,513968,,,4,1,31-DEC-12,31-DEC-12,,9857.16,9857.16,,,,,0,0,0,0,295.72,295.72,,,,,"",,,,"",,,,,"","",,,,,,,,"",,,,,"ECTM25",30-JUN-06,"","","","","","","","","","","",,,"","","","","",30-JUN-06,10152.88,222,20428,12-JUL-06,"",4262730,,,,,5186,,,"","","","","","","","","","","","","","","","","","","","","",,,"","","","","","",,"",,"","",""
133374,05-MAY-05,1007953,05-MAY-05,1007953,3207973,30-MAY-05,20847.82,20847.82,1,"OP","USD","INV",2742,1004,9355,355825,,,4,1,31-DEC-12,31-DEC-12,,20240.6,20240.6,,,,,0,0,0,0,607.22,607.22,,,,,"",,,,"",,,,,"","",,,,,,,,"",,,,,"EC11",30-APR-05,"","","","","","","","","","","",,,"","","","","",30-APR-05,20847.82,222,20428,05-MAY-05,"",3387702,,,,,5186,,,"","","","","","","","","","","","","","","","","","","","","",,,"","","","","","",,"",,"","",""
114081,30-SEP-04,1007953,30-SEP-04,1007953,2882171,30-OCT-04,29087.53,29087.53,1,"OP","USD","INV",2742,1004,9355,291958,,,4,1,31-DEC-12,31-DEC-12,,28240.32,28240.32,,,,,0,0,0,0,847.21,847.21,,,,,"",,,,"",,,,,"","",,,,,,,,"",,,,,"ECTM4",30-SEP-04,"","","","","","","","","","","",,,"","","","","",30-SEP-04,29087.53,222,20428,30-SEP-04,"",3016348,,,,,5186,,,"","","","","","","","","","","","","","","","","","","","","",,,"","","","","","",,"",,"","",""
154900,12-DEC-05,1007953,12-DEC-05,1007953,3669741,30-DEC-05,11473.28,11473.28,1,"OP","USD","INV",2742,1004,9355,429825,,,4,1,31-DEC-12,31-DEC-12,,11139.1,11139.1,,,,,0,0,0,0,334.18,334.18,,,,,"",,,,"",,,,,"","",,,,,,,,"",,,,,"P18",30-NOV-05,"","","","","","","","","","","",,,"","","","","",30-NOV-05,11473.28,222,20428,12-DEC-05,"",3870669,,,,,5186,,,"","","","","","","","","","","","","","","","","","","","","",,,"","","","","","",,"",,"","",""
127443,03-MAR-05,1007953,03-MAR-05,1007953,3102614,30-MAR-05,22718.88,22718.88,1,"OP","USD","INV",2742,1004,9355,337713,,,4,1,31-DEC-12,31-DEC-12,,22057.16,22057.16,,,,,0,0,0,0,661.72,661.72,,,,,"",,,,"",,,,,"","",,,,,,,,"",,,,,"ECTM9",28-FEB-05,"","","","","","","","","","","",,,"","","","","",28-FEB-05,22718.88,222,20428,03-MAR-05,"",3276750,,,,,5186,,,"","","","","","","","","","","","","","","","","","","","","",,,"","","","","","",,"",,"","",""
169734,08-MAY-06,1007953,08-MAY-06,1007953,3954497,30-MAY-06,8166.04,8166.04,1,"OP","USD","INV",2742,1004,9355,487697,,,4,1,31-DEC-12,31-DEC-12,,7928.18,7928.18,,,,,0,0,0,0,237.86,237.86,,,,,"",,,,"",,,,,"","",,,,,,,,"",,,,,"ECTM23",30-APR-06,"","","","","","","","","","","",,,"","","","","",30-APR-06,8166.04,222,20428,08-MAY-06,"",4181205,,,,,5186,,,"","","","","","","","","","","","","","","","","","","","","",,,"","","","","","",,"",,"","",""
139815,01-JUL-05,1007953,01-JUL-05,1007953,3371799,30-JUL-05,22566.76,22566.76,1,"OP","USD","INV",2742,1004,9355,382477,,,4,1,31-DEC-12,31-DEC-12,,21909.48,21909.48,,,,,0,0,0,0,657.28,657.28,,,,,"",,,,"",,,,,"","",,,,,,,,"",,,,,"EC13",30-JUN-05,"","","","","","","","","","","",,,"","","","","",30-JUN-05,22566.76,222,20428,01-JUL-05,"",3546878,,,,,5186,,,"","","","","","","","","","","","","","","","","","","","","",,,"","","","","","",,"",,"","",""
177687,02-AUG-06,1008354,02-AUG-06,1008354,4061042,30-AUG-06,4046.89,4046.89,1,"OP","USD","INV",1001,1004,1017,520304,,,4,1,31-DEC-12,31-DEC-12,,3750,3750,,,,,0,0,0,0,296.89,296.89,,,,,"",,,,"",,,,,"","",,,,,,,,"",,,,,"PC18",31-JUL-06,"","","","","","","","","","","",,,"","","","","",31-JUL-06,4046.89,222,20428,02-AUG-06,"",4289742,,,,,204,,,"","","","","","","","","","","","","","","","","","","","","",,,"","","","","","",,"",,"","",""
177599,01-AUG-06,1319,01-AUG-06,1319,4059696,30-AUG-06,6572.15,6572.15,1,"OP","USD","INV",1023,1004,1078,519816,,,4,1,31-DEC-12,31-DEC-12,,6090,6090,,,,,0,0,0,0,482.15,482.15,,,,,"",,,,"",,,,,"","",,,,,,,,"",,,,,"PMC10",31-JUL-06,"","","","","","","","","","","",,,"","","","","",31-JUL-06,6572.15,222,20428,01-AUG-06,"",4288424,,,,,458,,,"","","","","","","","","","","","","","","","","","","","","",,,"","","","","","",,"",,"","",""
177120,25-JUL-06,1319,25-JUL-06,1319,4052662,24-AUG-06,27775,27775,1,"OP","USD","INV",1062,1004,1078,517786,,,4,1,31-DEC-12,31-DEC-12,,27775,27775,,,,,0,0,0,0,0,0,,,,,"",,,,"",,,,,"","",,,,,,,,"",,,,,"511087",25-JUL-06,"","","","","","","","","","","",,,"","","","","",25-JUL-06,27775,222,20428,25-JUL-06,"",4282423,,,,,458,,,"","","","","","","","","","","","","","","","","","","","","",,,"","","","","","",,"",,"","",""
155397,15-DEC-05,2045,15-DEC-05,2045,-1,15-DEC-05,15800,15800,1,"OP","EUR","DEP",1140,1004,3048,431829,,,5,1,31-DEC-12,31-DEC-12,,15800,15800,,,,,0,0,0,0,0,0,,,,,"",,,,"",,,,,"","",,,,,,,,"",,,,,"70021",15-DEC-05,"","","","","","","","","","","",,,"","","","","",15-DEC-05,15800,,,15-DEC-05,"",,,,,,911,,,"","","","","","","","","","","","","","","","","","","","","",,,"","","","","","",,"",,"","",""
174167,21-JUN-06,1000148,21-JUN-06,1000148,4000706,21-JUL-06,87169.32,87169.32,1,"OP","USD","INV",1361,1004,1017,506333,,,4,1,31-DEC-12,31-DEC-12,,80774.4,80774.4,,,,,0,0,0,0,6394.92,6394.92,,,,,"",,,,"",,,,,"","",,,,,,,,"",,,,,"10033259",21-JUN-06,"","","","","","","","","","","",,,"","","","","",21-JUN-06,87169.32,222,20428,21-JUN-06,"",4226712,,,,,204,,,"","","","","","","","","","","","","","","","","","","","","",,,"","","","","","",,"",,"","",""
176676,19-JUL-06,1000148,19-JUL-06,1000148,4045381,18-AUG-06,87169.32,87169.32,1,"OP","USD","INV",1361,1004,1017,515993,,,4,1,31-DEC-12,31-DEC-12,,80774.4,80774.4,,,,,0,0,0,0,6394.92,6394.92,,,,,"",,,,"",,,,,"","",,,,,,,,"",,,,,"10033535",19-JUL-06,"","","","","","","","","","","",,,"","","","","",19-JUL-06,87169.32,222,20428,19-JUL-06,"",4271111,,,,,204,,,"","","","","","","","","","","","","","","","","","","","","",,,"","","","","","",,"",,"","",""
176850,21-JUL-06,2044,21-JUL-06,2044,4046490,20-AUG-06,20078.04,20078.04,1,"OP","EUR","INV",1480,1004,3193,516383,,,4,1,31-DEC-12,31-DEC-12,,16787.66,16787.66,,,,,0,0,0,0,3290.38,3290.38,,,,,"",,,,"",,,,,"","",,,,,,,,"",,,,,"119632",21-JUL-06,"","","","","","","","","","","",,,"","","","","",21-JUL-06,20078.04,222,20428,21-JUL-06,"",4272179,,,,,888,,,"","","","","","","","","","","","","","","","","","","","","",,,"","","","","","",,"",,"","",""
175478,07-JUL-06,2189,07-JUL-06,2189,4029290,06-AUG-06,42963.97,42963.97,1,"OP","EUR","INV",1544,1004,1662,511766,,,4,1,31-DEC-12,31-DEC-12,,35507.42,35507.42,,,,,0,0,0,0,7456.55,7456.55,,,,,"",,,,"",,,,,"","",,,,,,,,"",,,,,"415657",07-JUL-06,"","","","","","","","","","","",,,"","","","","",07-JUL-06,42963.97,222,20428,07-JUL-06,"",4255358,,,,,1018,,,"","","","","","","","","","","","","","","","","","","","","",,,"","","","","","",,"",,"","",""
178102,08-AUG-06,1318,08-AUG-06,1318,4066683,07-SEP-06,57276.95,57276.95,1,"OP","USD","INV",2005,1004,1017,522313,,,4,1,31-DEC-12,31-DEC-12,,53075,53075,,,,,0,0,0,0,4201.95,4201.95,,,,,"",,,,"",,,,,"","",,,,,,,,"",,,,,"512964",08-AUG-06,"","","","","","","","","","","",,,"","","","","",08-AUG-06,57276.95,222,20428,08-AUG-06,"",4295063,,,,,204,,,"","","","","","","","","","","","","","","","","","","","","",,,"","","","","","",,"",,"","",""
150258,01-NOV-05,1007953,01-NOV-05,1007953,3522290,30-NOV-05,21671.72,21671.72,1,"OP","USD","INV",2742,1004,9355,414894,,,4,1,31-DEC-12,31-DEC-12,,21040.5,21040.5,,,,,0,0,0,0,631.22,631.22,,,,,"",,,,"",,,,,"","",,,,,,,,"",,,,,"EC17",31-OCT-05,"","","","","","","","","","","",,,"","","","","",31-OCT-05,21671.72,222,20428,01-NOV-05,"",3702885,,,,,5186,,,"","","","","","","","","","","","","","","","","","","","","",,,"","","","","","",,"",,"","",""
162999,28-FEB-06,1007953,28-FEB-06,1007953,3873385,02-MAR-06,12077,12077,1,"OP","USD","INV",2742,1004,9355,459944,,,4,1,31-DEC-12,31-DEC-12,,11725.23,11725.23,,,,,0,0,0,0,351.77,351.77,,,,,"",,,,"",,,,,"","",,,,,,,,"",,,,,"EC20",31-JAN-06,"","","","","","","","","","","",,,"","","","","",31-JAN-06,12077,222,20428,28-FEB-06,"",4102543,,,,,5186,,,"","","","","","","","","","","","","","","","","","","","","",,,"","","","","","",,"",,"","",""
176101,12-JUL-06,1007953,12-JUL-06,1007953,4036751,30-JUL-06,13359.21,13359.21,1,"OP","USD","INV",2742,1004,9355,513969,,,4,1,31-DEC-12,31-DEC-12,,12970.1,12970.1,,,,,0,0,0,0,389.11,389.11,,,,,"",,,,"",,,,,"","",,,,,,,,"",,,,,"P25",30-JUN-06,"","","","","","","","","","","",,,"","","","","",30-JUN-06,13359.21,222,20428,12-JUL-06,"",4262730,,,,,5186,,,"","","","","","","","","","","","","","","","","","","","","",,,"","","","","","",,"",,"","",""
133376,05-MAY-05,1007953,05-MAY-05,1007953,3207973,30-MAY-05,17812.33,17812.33,1,"OP","USD","INV",2742,1004,9355,355827,,,4,1,31-DEC-12,31-DEC-12,,17293.52,17293.52,,,,,0,0,0,0,518.81,518.81,,,,,"",,,,"",,,,,"","",,,,,,,,"",,,,,"ECTM11",30-APR-05,"","","","","","","","","","","",,,"","","","","",30-APR-05,17812.33,222,20428,05-MAY-05,"",3387702,,,,,5186,,,"","","","","","","","","","","","","","","","","","","","","",,,"","","","","","",,"",,"","",""
154899,12-DEC-05,1007953,12-DEC-05,1007953,3669741,30-DEC-05,11082.15,11082.15,1,"OP","USD","INV",2742,1004,9355,429824,,,4,1,31-DEC-12,31-DEC-12,,10759.36,10759.36,,,,,0,0,0,0,322.79,322.79,,,,,"",,,,"",,,,,"","",,,,,,,,"",,,,,"ECTM18",30-NOV-05,"","","","","","","","","","","",,,"","","","","",30-NOV-05,11082.15,222,20428,12-DEC-05,"",3870669,,,,,5186,,,"","","","","","","","","","","","","","","","","","","","","",,,"","","","","","",,"",,"","",""
143774,15-AUG-05,1007953,15-AUG-05,1007953,3414882,30-AUG-05,24195.86,24195.86,1,"OP","USD","INV",2742,1004,9355,394189,,,4,1,31-DEC-12,31-DEC-12,,23491.12,23491.12,,,,,0,0,0,0,704.74,704.74,,,,,"",,,,"",,,,,"","",,,,,,,,"",,,,,"ECTM14",31-JUL-05,"","","","","","","","","","","",,,"","","","","",31-JUL-05,24195.86,222,20428,15-AUG-05,"",3589415,,,,,5186,,,"","","","","","","","","","","","","","","","","","","","","",,,"","","","","","",,"",,"","",""
116707,27-OCT-04,1007953,27-OCT-04,1007953,2941496,28-NOV-04,34329.9,34329.9,1,"OP","USD","INV",2742,1004,9355,300278,,,4,1,31-DEC-12,31-DEC-12,,33330,33330,,,,,0,0,0,0,999.9,999.9,,,,,"",,,,"",,,,,"","",,,,,,,,"",,,,,"PC2",29-OCT-04,"","","","","","","","","","","",,,"","","","","",29-OCT-04,34329.9,222,20428,27-OCT-04,"",3120447,,,,,5186,,,"","","","","","","","","","","","","","","","","","","","","",,,"","","","","","",,"",,"","",""
177776,03-AUG-06,1007953,03-AUG-06,1007953,4062205,30-AUG-06,6798,6798,1,"OP","USD","INV",2742,1004,9355,520712,,,4,1,31-DEC-12,31-DEC-12,,6600,6600,,,,,0,0,0,0,198,198,,,,,"",,,,"",,,,,"","",,,,,,,,"",,,,,"ECPC17",31-JUL-06,"","","","","","","","","","","",,,"","","","","",31-JUL-06,6798,222,20428,03-AUG-06,"",4290810,,,,,5186,,,"","","","","","","","","","","","","","","","","","","","","",,,"","","","","","",,"",,"","",""
148176,06-OCT-05,1007953,06-OCT-05,1007953,3483922,30-OCT-05,11342.31,11342.31,1,"OP","USD","INV",2742,1004,9355,408060,,,4,1,31-DEC-12,31-DEC-12,,11011.95,11011.95,,,,,0,0,0,0,330.36,330.36,,,,,"",,,,"",,,,,"","",,,,,,,,"",,,,,"P16",30-SEP-05,"","","","","","","","","","","",,,"","","","","",30-SEP-05,11342.31,222,20428,06-OCT-05,"",3664773,,,,,5186,,,"","","","","","","","","","","","","","","","","","","","","",,,"","","","","","",,"",,"","",""
148173,06-OCT-05,1007953,06-OCT-05,1007953,3483922,30-OCT-05,19591.74,19591.74,1,"OP","USD","INV",2742,1004,9355,408057,,,4,1,31-DEC-12,31-DEC-12,,19021.1,19021.1,,,,,0,0,0,0,570.64,570.64,,,,,"",,,,"",,,,,"","",,,,,,,,"",,,,,"EC16",30-SEP-05,"","","","","","","","","","","",,,"","","","","",30-SEP-05,19591.74,222,20428,06-OCT-05,"",3664773,,,,,5186,,,"","","","","","","","","","","","","","","","","","","","","",,,"","","","","","",,"",,"","",""
139816,01-JUL-05,1007953,01-JUL-05,1007953,3371799,30-JUL-05,28719.68,28719.68,1,"OP","USD","INV",2742,1004,9355,382478,,,4,1,31-DEC-12,31-DEC-12,,27883.18,27883.18,,,,,0,0,0,0,836.5,836.5,,,,,"",,,,"",,,,,"","",,,,,,,,"",,,,,"ECTM13",30-JUN-05,"","","","","","","","","","","",,,"","","","","",30-JUN-05,28719.68,222,20428,01-JUL-05,"",3546878,,,,,5186,,,"","","","","","","","","","","","","","","","","","","","","",,,"","","","","","",,"",,"","",""
110194,02-SEP-04,1007953,02-SEP-04,1007953,2798039,30-JUL-04,4470.2,4470.2,1,"OP","USD","INV",2742,1004,9355,278525,,,4,1,31-DEC-12,31-DEC-12,,4340,4340,,,,,0,0,0,0,130.2,130.2,,,,,"",,,,"",,,,,"","",,,,,,,,"",,,,,"P1",30-JUN-04,"","","","","","","","","","","",,,"","","","","",30-JUN-04,4470.2,222,20428,02-SEP-04,"",2956918,,,,,5186,,,"","","","","","","","","","","","","","","","","","","","","",,,"","","","","","",,"",,"","",""
110428,03-SEP-04,1007953,03-SEP-04,1007953,2802067,30-AUG-04,8089.63,8089.63,1,"OP","USD","INV",2742,1004,9355,279328,,,4,1,31-DEC-12,31-DEC-12,,7854.01,7854.01,,,,,0,0,0,0,235.62,235.62,,,,,"",,,,"",,,,,"","",,,,,,,,"",,,,,"P2",31-JUL-04,"","","","","","","","","","","",,,"","","","","",31-JUL-04,8089.63,222,20428,03-SEP-04,"",2959142,,,,,5186,,,"","","","","","","","","","","","","","","","","","","","","",,,"","","","","","",,"",,"","",""
119996,08-DEC-04,1007953,08-DEC-04,1007953,3004921,30-DEC-04,16038.57,16038.57,1,"OP","USD","INV",2742,1004,9355,309841,,,4,1,31-DEC-12,31-DEC-12,,15571.42,15571.42,,,,,0,0,0,0,467.15,467.15,,,,,"",,,,"",,,,,"","",,,,,,,,"",,,,,"EC6",30-NOV-04,"","","","","","","","","","","",,,"","","","","",30-NOV-04,16038.57,222,20428,08-DEC-04,"",3178060,,,,,5186,,,"","","","","","","","","","","","","","","","","","","","","",,,"","","","","","",,"",,"","",""
129677,01-APR-05,1007953,01-APR-05,1007953,3138044,30-APR-05,25696.46,25696.46,1,"OP","USD","INV",2742,1004,9355,345499,,,4,1,31-DEC-12,31-DEC-12,,24948.02,24948.02,,,,,0,0,0,0,748.44,748.44,,,,,"",,,,"",,,,,"","",,,,,,,,"",,,,,"ECTM10",31-MAR-05,"","","","","","","","","","","",,,"","","","","",31-MAR-05,25696.46,222,20428,01-APR-05,"",3316272,,,,,5186,,,"","","","","","","","","","","","","","","","","","","","","",,,"","","","","","",,"",,"","",""
129678,01-APR-05,1007953,01-APR-05,1007953,3138044,30-APR-05,11858.34,11858.34,1,"OP","USD","INV",2742,1004,9355,345500,,,4,1,31-DEC-12,31-DEC-12,,11512.95,11512.95,,,,,0,0,0,0,345.39,345.39,,,,,"",,,,"",,,,,"","",,,,,,,,"",,,,,"P10",31-MAR-05,"","","","","","","","","","","",,,"","","","","",31-MAR-05,11858.34,222,20428,01-APR-05,"",3316272,,,,,5186,,,"","","","","","","","","","","","","","","","","","","","","",,,"","","","","","",,"",,"","",""
129676,01-APR-05,1007953,01-APR-05,1007953,3138044,30-APR-05,6865.98,6865.98,1,"OP","USD","INV",2742,1004,9355,345498,,,4,1,31-DEC-12,31-DEC-12,,6666,6666,,,,,0,0,0,0,199.98,199.98,,,,,"",,,,"",,,,,"","",,,,,,,,"",,,,,"PC7",31-MAR-05,"","","","","","","","","","","",,,"","","","","",31-MAR-05,6865.98,222,20428,01-APR-05,"",3316272,,,,,5186,,,"","","","","","","","","","","","","","","","","","","","","",,,"","","","","","",,"",,"","",""
177688,02-AUG-06,1008354,02-AUG-06,1008354,4061054,30-JUL-06,17871.14,17871.14,1,"OP","USD","INV",1001,1004,1017,520305,,,4,1,31-DEC-12,31-DEC-12,,16560.07,16560.07,,,,,0,0,0,0,1311.07,1311.07,,,,,"",,,,"",,,,,"","",,,,,,,,"",,,,,"ATZ25",30-JUN-06,"","","","","","","","","","","",,,"","","","","",30-JUN-06,17871.14,222,20428,02-AUG-06,"",4289755,,,,,204,,,"","","","","","","","","","","","","","","","","","","","","",,,"","","","","","",,"",,"","",""
177594,01-AUG-06,1319,01-AUG-06,1319,4059696,30-AUG-06,7176.44,7176.44,1,"OP","USD","INV",1023,1004,1078,519811,,,4,1,31-DEC-12,31-DEC-12,,6649.96,6649.96,,,,,0,0,0,0,526.48,526.48,,,,,"",,,,"",,,,,"","",,,,,,,,"",,,,,"OKE S#31",31-JUL-06,"","","","","","","","","","","",,,"","","","","",31-JUL-06,7176.44,222,20428,01-AUG-06,"",4288424,,,,,458,,,"","","","","","","","","","","","","","","","","","","","","",,,"","","","","","",,"",,"","",""
174185,21-JUN-06,1000148,21-JUN-06,1000148,4000706,21-JUL-06,78476.65,78476.65,1,"OP","USD","INV",1361,1004,1017,506340,,,4,1,31-DEC-12,31-DEC-12,,72719.46,72719.46,,,,,0,0,0,0,5757.19,5757.19,,,,,"",,,,"",,,,,"","",,,,,,,,"",,,,,"10033257",21-JUN-06,"","","","","","","","","","","",,,"","","","","",21-JUN-06,78476.65,222,20428,21-JUN-06,"",4226712,,,,,204,,,"","","","","","","","","","","","","","","","","","","","","",,,"","","","","","",,"",,"","",""
174184,21-JUN-06,1000148,21-JUN-06,1000148,4000706,21-JUL-06,77456.83,77456.83,1,"OP","USD","INV",1361,1004,1017,506338,,,4,1,31-DEC-12,31-DEC-12,,71774.45,71774.45,,,,,0,0,0,0,5682.38,5682.38,,,,,"",,,,"",,,,,"","",,,,,,,,"",,,,,"10033263",21-JUN-06,"","","","","","","","","","","",,,"","","","","",21-JUN-06,77456.83,222,20428,21-JUN-06,"",4226712,,,,,204,,,"","","","","","","","","","","","","","","","","","","","","",,,"","","","","","",,"",,"","",""
176681,19-JUL-06,1000148,19-JUL-06,1000148,4045381,18-AUG-06,117496.43,117496.43,1,"OP","USD","INV",1361,1004,1017,515998,,,4,1,31-DEC-12,31-DEC-12,,108876.67,108876.67,,,,,0,0,0,0,8619.76,8619.76,,,,,"",,,,"",,,,,"","",,,,,,,,"",,,,,"10033543",19-JUL-06,"","","","","","","","","","","",,,"","","","","",19-JUL-06,117496.43,222,20428,19-JUL-06,"",4271111,,,,,204,,,"","","","","","","","","","","","","","","","","","","","","",,,"","","","","","",,"",,"","",""
174811,28-JUN-06,1000148,28-JUN-06,1000148,4009130,28-JUL-06,78476.65,78476.65,1,"OP","USD","INV",1361,1004,1017,509639,,,4,1,31-DEC-12,31-DEC-12,,72719.46,72719.46,,,,,0,0,0,0,5757.19,5757.19,,,,,"",,,,"",,,,,"","",,,,,,,,"",,,,,"10033310",28-JUN-06,"","","","","","","","","","","",,,"","","","","",28-JUN-06,78476.65,222,20428,28-JUN-06,"",4234449,,,,,204,,,"","","","","","","","","","","","","","","","","","","","","",,,"","","","","","",,"",,"","",""
176059,12-JUL-06,1000148,12-JUL-06,1000148,4036721,11-AUG-06,118977.63,118977.63,1,"OP","USD","INV",1361,1004,1017,513903,,,4,1,31-DEC-12,31-DEC-12,,110249.2,110249.2,,,,,0,0,0,0,8728.43,8728.43,,,,,"",,,,"",,,,,"","",,,,,,,,"",,,,,"10033419",12-JUL-06,"","","","","","","","","","","",,,"","","","","",12-JUL-06,118977.63,222,20428,12-JUL-06,"",4262699,,,,,204,,,"","","","","","","","","","","","","","","","","","","","","",,,"","","","","","",,"",,"","",""
177834,04-AUG-06,2045,04-AUG-06,2045,4062729,03-SEP-06,77115.33,77115.33,1,"OP","EUR","INV",1421,1004,3048,520910,,,4,1,31-DEC-12,31-DEC-12,,66478.73,66478.73,,,,,0,0,0,0,10636.6,10636.6,,,,,"",,,,"",,,,,"","",,,,,,,,"",,,,,"120721",04-AUG-06,"","","","","","","","","","","",,,"","","","","",04-AUG-06,77115.33,222,20428,04-AUG-06,"",4291276,,,,,911,,,"","","","","","","","","","","","","","","","","","","","","",,,"","","","","","",,"",,"","",""
177796,04-AUG-06,2044,04-AUG-06,2044,4062475,03-SEP-06,65264.18,65264.18,1,"OP","EUR","INV",1480,1004,3193,520815,,,4,1,31-DEC-12,31-DEC-12,,54568.71,54568.71,,,,,0,0,0,0,10695.47,10695.47,,,,,"",,,,"",,,,,"","",,,,,,,,"",,,,,"119789",04-AUG-06,"","","","","","","","","","","",,,"","","","","",04-AUG-06,65264.18,222,20428,04-AUG-06,"",4291023,,,,,888,,,"","","","","","","","","","","","","","","","","","","","","",,,"","","","","","",,"",,"","",""
176545,18-JUL-06,2048,18-JUL-06,2048,4043208,17-AUG-06,3105264.37,3105264.37,1,"OP","SEK","INV",1501,1004,1572,515573,,,4,1,31-DEC-12,31-DEC-12,,2484211.5,2484211.5,,,,,0,0,0,0,621052.87,621052.87,,,,,"",,,,"",,,,,"","",,,,,,,,"",,,,,"319288",18-JUL-06,"","","","","","","","","","","",,,"","","","","",18-JUL-06,3105264.37,222,20428,18-JUL-06,"",4269072,,,,,887,,,"","","","","","","","","","","","","","","","","","","","","",,,"","","","","","",,"",,"","",""
174313,22-JUN-06,2047,22-JUN-06,2047,4002929,22-JUL-06,146103.54,146103.54,1,"OP","EUR","INV",1542,1004,3789,506838,,,4,1,31-DEC-12,31-DEC-12,,122776.08,122776.08,,,,,0,0,0,0,23327.46,23327.46,,,,,"",,,,"",,,,,"","",,,,,,,,"",,,,,"718586",22-JUN-06,"","","","","","","","","","","",,,"","","","","",22-JUN-06,146103.54,222,20428,22-JUN-06,"",4228421,,,,,889,,,"","","","","","","","","","","","","","","","","","","","","",,,"","","","","","",,"",,"","",""
110755,07-SEP-04,1007953,07-SEP-04,1007953,2811689,30-SEP-04,4723.46,4723.46,1,"OP","USD","INV",2742,1004,9355,280147,,,4,1,31-DEC-12,31-DEC-12,,4585.89,4585.89,,,,,0,0,0,0,137.57,137.57,,,,,"",,,,"",,,,,"","",,,,,,,,"",,,,,"P3",31-AUG-04,"","","","","","","","","","","",,,"","","","","",31-AUG-04,4723.46,222,20428,07-SEP-04,"",2963460,,,,,5186,,,"","","","","","","","","","","","","","","","","","","","","",,,"","","","","","",,"",,"","",""
150260,01-NOV-05,1007953,01-NOV-05,1007953,3522290,30-NOV-05,25884.99,25884.99,1,"OP","USD","INV",2742,1004,9355,414896,,,4,1,31-DEC-12,31-DEC-12,,25131.06,25131.06,,,,,0,0,0,0,753.93,753.93,,,,,"",,,,"",,,,,"","",,,,,,,,"",,,,,"ECTM17",31-OCT-05,"","","","","","","","","","","",,,"","","","","",31-OCT-05,25884.99,222,20428,01-NOV-05,"",3702885,,,,,5186,,,"","","","","","","","","","","","","","","","","","","","","",,,"","","","","","",,"",,"","",""
164606,16-MAR-06,1007953,16-MAR-06,1007953,3892979,30-MAR-06,7920.08,7920.08,1,"OP","USD","INV",2742,1004,9355,466715,,,4,1,31-DEC-12,31-DEC-12,,7689.4,7689.4,,,,,0,0,0,0,230.68,230.68,,,,,"",,,,"",,,,,"","",,,,,,,,"",,,,,"ECTM21",28-FEB-06,"","","","","","","","","","","",,,"","","","","",28-FEB-06,7920.08,222,20428,16-MAR-06,"",4121974,,,,,5186,,,"","","","","","","","","","","","","","","","","","","","","",,,"","","","","","",,"",,"","",""
164607,16-MAR-06,1007953,16-MAR-06,1007953,3892979,30-MAR-06,9467.71,9467.71,1,"OP","USD","INV",2742,1004,9355,466716,,,4,1,31-DEC-12,31-DEC-12,,9191.95,9191.95,,,,,0,0,0,0,275.76,275.76,,,,,"",,,,"",,,,,"","",,,,,,,,"",,,,,"P21",28-FEB-06,"","","","","","","","","","","",,,"","","","","",28-FEB-06,9467.71,222,20428,16-MAR-06,"",4121974,,,,,5186,,,"","","","","","","","","","","","","","","","","","","","","",,,"","","","","","",,"",,"","",""
114082,30-SEP-04,1007953,30-SEP-04,1007953,2882171,30-OCT-04,10989.68,10989.68,1,"OP","USD","INV",2742,1004,9355,291959,,,4,1,31-DEC-12,31-DEC-12,,10669.59,10669.59,,,,,0,0,0,0,320.09,320.09,,,,,"",,,,"",,,,,"","",,,,,,,,"",,,,,"P4",30-SEP-04,"","","","","","","","","","","",,,"","","","","",30-SEP-04,10989.68,222,20428,30-SEP-04,"",3016348,,,,,5186,,,"","","","","","","","","","","","","","","","","","","","","",,,"","","","","","",,"",,"","",""
154897,12-DEC-05,1007953,12-DEC-05,1007953,3669741,30-DEC-05,12383.68,12383.68,1,"OP","USD","INV",2742,1004,9355,429822,,,4,1,31-DEC-12,31-DEC-12,,12022.98,12022.98,,,,,0,0,0,0,360.7,360.7,,,,,"",,,,"",,,,,"","",,,,,,,,"",,,,,"EC18",30-NOV-05,"","","","","","","","","","","",,,"","","","","",30-NOV-05,12383.68,222,20428,12-DEC-05,"",3870669,,,,,5186,,,"","","","","","","","","","","","","","","","","","","","","",,,"","","","","","",,"",,"","",""
143773,15-AUG-05,1007953,15-AUG-05,1007953,3414882,30-AUG-05,18569.57,18569.57,1,"OP","USD","INV",2742,1004,9355,394188,,,4,1,31-DEC-12,31-DEC-12,,18028.7,18028.7,,,,,0,0,0,0,540.87,540.87,,,,,"",,,,"",,,,,"","",,,,,,,,"",,,,,"EC14",31-JUL-05,"","","","","","","","","","","",,,"","","","","",31-JUL-05,18569.57,222,20428,15-AUG-05,"",3589415,,,,,5186,,,"","","","","","","","","","","","","","","","","","","","","",,,"","","","","","",,"",,"","",""
116708,27-OCT-04,1007953,27-OCT-04,1007953,2941496,28-NOV-04,20984.52,20984.52,1,"OP","USD","INV",2742,1004,9355,300279,,,4,1,31-DEC-12,31-DEC-12,,20373.32,20373.32,,,,,0,0,0,0,611.2,611.2,,,,,"",,,,"",,,,,"","",,,,,,,,"",,,,,"ECTM5",29-OCT-04,"","","","","","","","","","","",,,"","","","","",29-OCT-04,20984.52,222,20428,27-OCT-04,"",3120447,,,,,5186,,,"","","","","","","","","","","","","","","","","","","","","",,,"","","","","","",,"",,"","",""
136393,06-JUN-05,1007953,06-JUN-05,1007953,3280118,30-JUN-05,20.6,20.6,1,"OP","USD","INV",2742,1004,9355,369259,,,4,1,31-DEC-12,31-DEC-12,,20,20,,,,,0,0,0,0,0.6,0.6,,,,,"",,,,"",,,,,"","",,,,,,,,"",,,,,"PC9",31-MAY-05,"","","","","","","","","","","",,,"","","","","",31-MAY-05,20.6,222,20428,06-JUN-05,"",3458032,,,,,5186,,,"","","","","","","","","","","","","","","","","","","","","",,,"","","","","","",,"",,"","",""
146549,16-SEP-05,1007953,16-SEP-05,1007953,3458543,30-SEP-05,24443.1,24443.1,1,"OP","USD","INV",2742,1004,9355,402703,,,4,1,31-DEC-12,31-DEC-12,,23731.16,23731.16,,,,,0,0,0,0,711.94,711.94,,,,,"",,,,"",,,,,"","",,,,,,,,"",,,,,"ECTM15",31-AUG-05,"","","","","","","","","","","",,,"","","","","",31-AUG-05,24443.1,222,20428,16-SEP-05,"",3641209,,,,,5186,,,"","","","","","","","","","","","","","","","","","","","","",,,"","","","","","",,"",,"","",""
148174,06-OCT-05,1007953,06-OCT-05,1007953,3483922,30-OCT-05,51500,51500,1,"OP","USD","INV",2742,1004,9355,408058,,,4,1,31-DEC-12,31-DEC-12,,50000,50000,,,,,0,0,0,0,1500,1500,,,,,"",,,,"",,,,,"","",,,,,,,,"",,,,,"ECPC10",30-SEP-05,"","","","","","","","","","","",,,"","","","","",30-SEP-05,51500,222,20428,06-OCT-05,"",3664773,,,,,5186,,,"","","","","","","","","","","","","","","","","","","","","",,,"","","","","","",,"",,"","",""
110426,03-SEP-04,1007953,03-SEP-04,1007953,2802067,30-AUG-04,17031.14,17031.14,1,"OP","USD","INV",2742,1004,9355,279326,,,4,1,31-DEC-12,31-DEC-12,,16535.08,16535.08,,,,,0,0,0,0,496.06,496.06,,,,,"",,,,"",,,,,"","",,,,,,,,"",,,,,"EC2",31-JUL-04,"","","","","","","","","","","",,,"","","","","",31-JUL-04,17031.14,222,20428,03-SEP-04,"",2959142,,,,,5186,,,"","","","","","","","","","","","","","","","","","","","","",,,"","","","","","",,"",,"","",""
119998,08-DEC-04,1007953,08-DEC-04,1007953,3004921,30-DEC-04,22117.81,22117.81,1,"OP","USD","INV",2742,1004,9355,309843,,,4,1,31-DEC-12,31-DEC-12,,21473.6,21473.6,,,,,0,0,0,0,644.21,644.21,,,,,"",,,,"",,,,,"","",,,,,,,,"",,,,,"ECTM6",30-NOV-04,"","","","","","","","","","","",,,"","","","","",30-NOV-04,22117.81,222,20428,08-DEC-04,"",3178060,,,,,5186,,,"","","","","","","","","","","","","","","","","","","","","",,,"","","","","","",,"",,"","",""
155396,15-DEC-05,2047,15-DEC-05,2047,-1,15-DEC-05,15500,15500,1,"OP","EUR","GUAR",3172,1004,3789,431828,,,5,1,31-DEC-12,31-DEC-12,,15500,15500,,,,,0,0,0,0,0,0,,,,,"",,,,"",,,,,"","",,,,,,,,"",,,,,"10264",15-DEC-05,"","","","","","","","","","","",,,"","","","","",15-DEC-05,15500,,,15-DEC-05,"",,,,,,889,,,"","","","","","","","","","","","","","","","","","","","","",,,"","","","","","",,"",,"","",""
177586,01-AUG-06,1319,01-AUG-06,1319,4059696,30-AUG-06,14898.24,14898.24,1,"OP","USD","INV",1023,1004,1078,519803,,,4,1,31-DEC-12,31-DEC-12,,13805.27,13805.27,,,,,0,0,0,0,1092.97,1092.97,,,,,"",,,,"",,,,,"","",,,,,,,,"",,,,,"CP#19",31-JUL-06,"","","","","","","","","","","",,,"","","","","",31-JUL-06,14898.24,222,20428,01-AUG-06,"",4288424,,,,,458,,,"","","","","","","","","","","","","","","","","","","","","",,,"","","","","","",,"",,"","",""
177590,01-AUG-06,1319,01-AUG-06,1319,4059696,30-AUG-06,11496.87,11496.87,1,"OP","USD","INV",1023,1004,1078,519807,,,4,1,31-DEC-12,31-DEC-12,,10653.43,10653.43,,,,,0,0,0,0,843.44,843.44,,,,,"",,,,"",,,,,"","",,,,,,,,"",,,,,"EC100 #34",31-JUL-06,"","","","","","","","","","","",,,"","","","","",31-JUL-06,11496.87,222,20428,01-AUG-06,"",4288424,,,,,458,,,"","","","","","","","","","","","","","","","","","","","","",,,"","","","","","",,"",,"","",""
174187,21-JUN-06,1000148,21-JUN-06,1000148,4000706,21-JUL-06,77456.83,77456.83,1,"OP","USD","INV",1361,1004,1017,506342,,,4,1,31-DEC-12,31-DEC-12,,71774.45,71774.45,,,,,0,0,0,0,5682.38,5682.38,,,,,"",,,,"",,,,,"","",,,,,,,,"",,,,,"10033256",21-JUN-06,"","","","","","","","","","","",,,"","","","","",21-JUN-06,77456.83,222,20428,21-JUN-06,"",4226712,,,,,204,,,"","","","","","","","","","","","","","","","","","","","","",,,"","","","","","",,"",,"","",""
174186,21-JUN-06,1000148,21-JUN-06,1000148,4000706,21-JUL-06,87169.32,87169.32,1,"OP","USD","INV",1361,1004,1017,506341,,,4,1,31-DEC-12,31-DEC-12,,80774.4,80774.4,,,,,0,0,0,0,6394.92,6394.92,,,,,"",,,,"",,,,,"","",,,,,,,,"",,,,,"10033261",21-JUN-06,"","","","","","","","","","","",,,"","","","","",21-JUN-06,87169.32,222,20428,21-JUN-06,"",4226712,,,,,204,,,"","","","","","","","","","","","","","","","","","","","","",,,"","","","","","",,"",,"","",""
175995,12-JUL-06,1000148,12-JUL-06,1000148,4036721,09-AUG-06,8010.02,8010.02,1,"OP","USD","INV",1361,1004,1017,513866,,,4,1,31-DEC-12,31-DEC-12,,7200,7200,,,,,0,0,240,240,570.02,570.02,,,,,"",,,,"",,,,,"","",,,,,,,,"",,,,,"10033402",10-JUL-06,"","","","","","","","","","","",,,"","","","","",10-JUL-06,8010.02,222,20428,12-JUL-06,"",4262699,,,,,204,,,"","","","","","","","","","","","","","","","","","","","","",,,"","","","","","",,"",,"","",""
176062,12-JUL-06,1000148,12-JUL-06,1000148,4036721,11-AUG-06,77456.83,77456.83,1,"OP","USD","INV",1361,1004,1017,513904,,,4,1,31-DEC-12,31-DEC-12,,71774.45,71774.45,,,,,0,0,0,0,5682.38,5682.38,,,,,"",,,,"",,,,,"","",,,,,,,,"",,,,,"10033423",12-JUL-06,"","","","","","","","","","","",,,"","","","","",12-JUL-06,77456.83,222,20428,12-JUL-06,"",4262699,,,,,204,,,"","","","","","","","","","","","","","","","","","","","","",,,"","","","","","",,"",,"","",""
176252,14-JUL-06,2045,14-JUL-06,2045,4039856,13-AUG-06,46843.49,46843.49,1,"OP","EUR","INV",1421,1004,3048,514660,,,4,1,31-DEC-12,31-DEC-12,,40382.32,40382.32,,,,,0,0,0,0,6461.17,6461.17,,,,,"",,,,"",,,,,"","",,,,,,,,"",,,,,"120499",14-JUL-06,"","","","","","","","","","","",,,"","","","","",14-JUL-06,46843.49,222,20428,14-JUL-06,"",4265799,,,,,911,,,"","","","","","","","","","","","","","","","","","","","","",,,"","","","","","",,"",,"","",""
176282,14-JUL-06,2048,14-JUL-06,2048,4040024,13-AUG-06,141575.62,141575.62,1,"OP","SEK","INV",1501,1004,1572,514768,,,4,1,31-DEC-12,31-DEC-12,,113260.5,113260.5,,,,,0,0,0,0,28315.12,28315.12,,,,,"",,,,"",,,,,"","",,,,,,,,"",,,,,"319267",14-JUL-06,"","","","","","","","","","","",,,"","","","","",14-JUL-06,141575.62,222,20428,14-JUL-06,"",4265967,,,,,887,,,"","","","","","","","","","","","","","","","","","","","","",,,"","","","","","",,"",,"","",""
176615,19-JUL-06,2047,19-JUL-06,2047,4044091,18-AUG-06,22351.98,22351.98,1,"OP","EUR","INV",1542,1004,3789,515761,,,4,1,31-DEC-12,31-DEC-12,,18783.18,18783.18,,,,,0,0,0,0,3568.8,3568.8,,,,,"",,,,"",,,,,"","",,,,,,,,"",,,,,"718865",19-JUL-06,"","","","","","","","","","","",,,"","","","","",19-JUL-06,22351.98,222,20428,19-JUL-06,"",4269885,,,,,889,,,"","","","","","","","","","","","","","","","","","","","","",,,"","","","","","",,"",,"","",""
176887,21-JUL-06,2047,21-JUL-06,2047,4046776,20-AUG-06,12144.87,12144.87,1,"OP","EUR","INV",1542,1004,3789,516578,,,4,1,31-DEC-12,31-DEC-12,,10205.77,10205.77,,,,,0,0,0,0,1939.1,1939.1,,,,,"",,,,"",,,,,"","",,,,,,,,"",,,,,"718885",21-JUL-06,"","","","","","","","","","","",,,"","","","","",21-JUL-06,12144.87,222,20428,21-JUL-06,"",4272465,,,,,889,,,"","","","","","","","","","","","","","","","","","","","","",,,"","","","","","",,"",,"","",""
150259,01-NOV-05,1007953,01-NOV-05,1007953,3522290,30-NOV-05,6798,6798,1,"OP","USD","INV",2742,1004,9355,414895,,,4,1,31-DEC-12,31-DEC-12,,6600,6600,,,,,0,0,0,0,198,198,,,,,"",,,,"",,,,,"","",,,,,,,,"",,,,,"ECPC11",31-OCT-05,"","","","","","","","","","","",,,"","","","","",31-OCT-05,6798,222,20428,01-NOV-05,"",3702885,,,,,5186,,,"","","","","","","","","","","","","","","","","","","","","",,,"","","","","","",,"",,"","",""
163001,28-FEB-06,1007953,28-FEB-06,1007953,3873385,02-MAR-06,11042.8,11042.8,1,"OP","USD","INV",2742,1004,9355,459946,,,4,1,31-DEC-12,31-DEC-12,,10721.16,10721.16,,,,,0,0,0,0,321.64,321.64,,,,,"",,,,"",,,,,"","",,,,,,,,"",,,,,"ECTM20",31-JAN-06,"","","","","","","","","","","",,,"","","","","",31-JAN-06,11042.8,222,20428,28-FEB-06,"",4102543,,,,,5186,,,"","","","","","","","","","","","","","","","","","","","","",,,"","","","","","",,"",,"","",""
164603,16-MAR-06,1007953,16-MAR-06,1007953,3892979,30-MAR-06,10167.24,10167.24,1,"OP","USD","INV",2742,1004,9355,466712,,,4,1,31-DEC-12,31-DEC-12,,9871.1,9871.1,,,,,0,0,0,0,296.14,296.14,,,,,"",,,,"",,,,,"","",,,,,,,,"",,,,,"EC21",28-FEB-06,"","","","","","","","","","","",,,"","","","","",28-FEB-06,10167.24,222,20428,16-MAR-06,"",4121974,,,,,5186,,,"","","","","","","","","","","","","","","","","","","","","",,,"","","","","","",,"",,"","",""
133375,05-MAY-05,1007953,05-MAY-05,1007953,3207973,30-MAY-05,10300,10300,1,"OP","USD","INV",2742,1004,9355,355826,,,4,1,31-DEC-12,31-DEC-12,,10000,10000,,,,,0,0,0,0,300,300,,,,,"",,,,"",,,,,"","",,,,,,,,"",,,,,"PC8",30-APR-05,"","","","","","","","","","","",,,"","","","","",30-APR-05,10300,222,20428,05-MAY-05,"",3387702,,,,,5186,,,"","","","","","","","","","","","","","","","","","","","","",,,"","","","","","",,"",,"","",""
172489,05-JUN-06,1007953,05-JUN-06,1007953,3983663,30-JUN-06,7004,7004,1,"OP","USD","INV",2742,1004,9355,499320,,,4,1,31-DEC-12,31-DEC-12,,6800,6800,,,,,0,0,0,0,204,204,,,,,"",,,,"",,,,,"","",,,,,,,,"",,,,,"ECPC15",31-MAY-06,"","","","","","","","","","","",,,"","","","","",31-MAY-06,7004,222,20428,05-JUN-06,"",4210108,,,,,5186,,,"","","","","","","","","","","","","","","","","","","","","",,,"","","","","","",,"",,"","",""
116706,27-OCT-04,1007953,27-OCT-04,1007953,2941496,28-NOV-04,16822.03,16822.03,1,"OP","USD","INV",2742,1004,9355,300277,,,4,1,31-DEC-12,31-DEC-12,,16332.06,16332.06,,,,,0,0,0,0,489.97,489.97,,,,,"",,,,"",,,,,"","",,,,,,,,"",,,,,"EC5",29-OCT-04,"","","","","","","","","","","",,,"","","","","",29-OCT-04,16822.03,222,20428,27-OCT-04,"",3120447,,,,,5186,,,"","","","","","","","","","","","","","","","","","","","","",,,"","","","","","",,"",,"","",""
127444,03-MAR-05,1007953,03-MAR-05,1007953,3102614,30-MAR-05,12074.53,12074.53,1,"OP","USD","INV",2742,1004,9355,337714,,,4,1,31-DEC-12,31-DEC-12,,11722.83,11722.83,,,,,0,0,0,0,351.7,351.7,,,,,"",,,,"",,,,,"","",,,,,,,,"",,,,,"P9",28-FEB-05,"","","","","","","","","","","",,,"","","","","",28-FEB-05,12074.53,222,20428,03-MAR-05,"",3276750,,,,,5186,,,"","","","","","","","","","","","","","","","","","","","","",,,"","","","","","",,"",,"","",""
158097,04-JAN-06,1007953,04-JAN-06,1007953,3749787,30-JAN-06,13570.06,13570.06,1,"OP","USD","INV",2742,1004,9355,442122,,,4,1,31-DEC-12,31-DEC-12,,13174.82,13174.82,,,,,0,0,0,0,395.24,395.24,,,,,"",,,,"",,,,,"","",,,,,,,,"",,,,,"EC19",31-DEC-05,"","","","","","","","","","","",,,"","","","","",31-DEC-05,13570.06,222,20428,04-JAN-06,"",3951721,,,,,5186,,,"","","","","","","","","","","","","","","","","","","","","",,,"","","","","","",,"",,"","",""
158101,04-JAN-06,1007953,04-JAN-06,1007953,3749787,30-JAN-06,14981.63,14981.63,1,"OP","USD","INV",2742,1004,9355,442126,,,4,1,31-DEC-12,31-DEC-12,,14545.27,14545.27,,,,,0,0,0,0,436.36,436.36,,,,,"",,,,"",,,,,"","",,,,,,,,"",,,,,"P19",31-DEC-05,"","","","","","","","","","","",,,"","","","","",31-DEC-05,14981.63,222,20428,04-JAN-06,"",3951721,,,,,5186,,,"","","","","","","","","","","","","","","","","","","","","",,,"","","","","","",,"",,"","",""
169733,08-MAY-06,1007953,08-MAY-06,1007953,3954497,30-MAY-06,6798,6798,1,"OP","USD","INV",2742,1004,9355,487696,,,4,1,31-DEC-12,31-DEC-12,,6600,6600,,,,,0,0,0,0,198,198,,,,,"",,,,"",,,,,"","",,,,,,,,"",,,,,"ECPC14",30-APR-06,"","","","","","","","","","","",,,"","","","","",30-APR-06,6798,222,20428,08-MAY-06,"",4181205,,,,,5186,,,"","","","","","","","","","","","","","","","","","","","","",,,"","","","","","",,"",,"","",""
166708,06-APR-06,1007953,06-APR-06,1007953,3918074,30-APR-06,14654.54,14654.54,1,"OP","USD","INV",2742,1004,9355,475023,,,4,1,31-DEC-12,31-DEC-12,,14227.7,14227.7,,,,,0,0,0,0,426.84,426.84,,,,,"",,,,"",,,,,"","",,,,,,,,"",,,,,"EC22",31-MAR-06,"","","","","","","","","","","",,,"","","","","",31-MAR-06,14654.54,222,20428,06-APR-06,"",4145997,,,,,5186,,,"","","","","","","","","","","","","","","","","","","","","",,,"","","","","","",,"",,"","",""
166711,06-APR-06,1007953,06-APR-06,1007953,3918074,30-APR-06,14302.61,14302.61,1,"OP","USD","INV",2742,1004,9355,475026,,,4,1,31-DEC-12,31-DEC-12,,13886.03,13886.03,,,,,0,0,0,0,416.58,416.58,,,,,"",,,,"",,,,,"","",,,,,,,,"",,,,,"P22",31-MAR-06,"","","","","","","","","","","",,,"","","","","",31-MAR-06,14302.61,222,20428,06-APR-06,"",4145997,,,,,5186,,,"","","","","","","","","","","","","","","","","","","","","",,,"","","","","","",,"",,"","",""
129675,01-APR-05,1007953,01-APR-05,1007953,3138044,30-APR-05,20533.1,20533.1,1,"OP","USD","INV",2742,1004,9355,345497,,,4,1,31-DEC-12,31-DEC-12,,19935.03,19935.03,,,,,0,0,0,0,598.07,598.07,,,,,"",,,,"",,,,,"","",,,,,,,,"",,,,,"EC10",31-MAR-05,"","","","","","","","","","","",,,"","","","","",31-MAR-05,20533.1,222,20428,01-APR-05,"",3316272,,,,,5186,,,"","","","","","","","","","","","","","","","","","","","","",,,"","","","","","",,"",,"","",""
81995,30-OCT-03,1004944,10-OCT-03,1004944,-1,23-FEB-04,172.16,172.16,1,"OP","CHF","INV",1,1004,6154,186188,,,4,1,31-DEC-12,31-DEC-12,,160,160,,,,,0,0,0,0,12.16,12.16,,,,,"",,,,"",,,,,"","",,,,,,,,"",,,,,"25",24-JAN-04,"","","","","","","","","","","",,,"","","","","",24-JAN-04,172.16,,,10-OCT-03,"",,,,,,3537,,,"","","","","","","","","","","","","","","","","","","","","",,,"","","","","","",,"",,"","",""
174182,21-JUN-06,1000148,21-JUN-06,1000148,4000706,21-JUL-06,78476.65,78476.65,1,"OP","USD","INV",1361,1004,1017,506334,,,4,1,31-DEC-12,31-DEC-12,,72719.46,72719.46,,,,,0,0,0,0,5757.19,5757.19,,,,,"",,,,"",,,,,"","",,,,,,,,"",,,,,"10033262",21-JUN-06,"","","","","","","","","","","",,,"","","","","",21-JUN-06,78476.65,222,20428,21-JUN-06,"",4226712,,,,,204,,,"","","","","","","","","","","","","","","","","","","","","",,,"","","","","","",,"",,"","",""
176068,12-JUL-06,1000148,12-JUL-06,1000148,4036721,11-AUG-06,84911.15,84911.15,1,"OP","USD","INV",1361,1004,1017,513905,,,4,1,31-DEC-12,31-DEC-12,,78681.91,78681.91,,,,,0,0,0,0,6229.24,6229.24,,,,,"",,,,"",,,,,"","",,,,,,,,"",,,,,"10033427",12-JUL-06,"","","","","","","","","","","",,,"","","","","",12-JUL-06,84911.15,222,20428,12-JUL-06,"",4262699,,,,,204,,,"","","","","","","","","","","","","","","","","","","","","",,,"","","","","","",,"",,"","",""
176354,14-JUL-06,2044,14-JUL-06,2044,4041492,13-AUG-06,9838.04,9838.04,1,"OP","EUR","INV",1480,1004,3193,514960,,,4,1,31-DEC-12,31-DEC-12,,8225.79,8225.79,,,,,0,0,0,0,1612.25,1612.25,,,,,"",,,,"",,,,,"","",,,,,,,,"",,,,,"119571",14-JUL-06,"","","","","","","","","","","",,,"","","","","",14-JUL-06,9838.04,222,20428,14-JUL-06,"",4267431,,,,,888,,,"","","","","","","","","","","","","","","","","","","","","",,,"","","","","","",,"",,"","",""
177874,04-AUG-06,2048,04-AUG-06,2048,4062857,03-SEP-06,647464.5,647464.5,1,"OP","SEK","INV",1501,1004,1572,521113,,,4,1,31-DEC-12,31-DEC-12,,517971.6,517971.6,,,,,0,0,0,0,129492.9,129492.9,,,,,"",,,,"",,,,,"","",,,,,,,,"",,,,,"319492",04-AUG-06,"","","","","","","","","","","",,,"","","","","",04-AUG-06,647464.5,222,20428,04-AUG-06,"",4291404,,,,,887,,,"","","","","","","","","","","","","","","","","","","","","",,,"","","","","","",,"",,"","",""
176622,19-JUL-06,2048,19-JUL-06,2048,4044096,17-AUG-06,252092.25,252092.25,1,"OP","SEK","INV",1501,1004,1572,515767,,,4,1,31-DEC-12,31-DEC-12,,201673.8,201673.8,,,,,0,0,0,0,50418.45,50418.45,,,,,"",,,,"",,,,,"","",,,,,,,,"",,,,,"319307",18-JUL-06,"","","","","","","","","","","",,,"","","","","",18-JUL-06,252092.25,222,20428,19-JUL-06,"",4269890,,,,,887,,,"","","","","","","","","","","","","","","","","","","","","",,,"","","","","","",,"",,"","",""
176542,18-JUL-06,2047,18-JUL-06,2047,4043124,17-AUG-06,63671.65,63671.65,1,"OP","EUR","INV",1542,1004,3789,515568,,,4,1,31-DEC-12,31-DEC-12,,53505.59,53505.59,,,,,0,0,0,0,10166.06,10166.06,,,,,"",,,,"",,,,,"","",,,,,,,,"",,,,,"718846",18-JUL-06,"","","","","","","","","","","",,,"","","","","",18-JUL-06,63671.65,222,20428,18-JUL-06,"",4268988,,,,,889,,,"","","","","","","","","","","","","","","","","","","","","",,,"","","","","","",,"",,"","",""
175802,11-JUL-06,1318,11-JUL-06,1318,4032848,10-AUG-06,57276.95,57276.95,1,"OP","USD","INV",2005,1004,1017,513172,,,4,1,31-DEC-12,31-DEC-12,,53075,53075,,,,,0,0,0,0,4201.95,4201.95,,,,,"",,,,"",,,,,"","",,,,,,,,"",,,,,"512611",11-JUL-06,"","","","","","","","","","","",,,"","","","","",11-JUL-06,57276.95,222,20428,11-JUL-06,"",4258775,,,,,204,,,"","","","","","","","","","","","","","","","","","","","","",,,"","","","","","",,"",,"","",""
110754,07-SEP-04,1007953,07-SEP-04,1007953,2811689,30-SEP-04,13684.86,13684.86,1,"OP","USD","INV",2742,1004,9355,280146,,,4,1,31-DEC-12,31-DEC-12,,13286.26,13286.26,,,,,0,0,0,0,398.6,398.6,,,,,"",,,,"",,,,,"","",,,,,,,,"",,,,,"ECTM3",31-AUG-04,"","","","","","","","","","","",,,"","","","","",31-AUG-04,13684.86,222,20428,07-SEP-04,"",2963460,,,,,5186,,,"","","","","","","","","","","","","","","","","","","","","",,,"","","","","","",,"",,"","",""
121990,04-JAN-05,1007953,04-JAN-05,1007953,3033792,30-JAN-05,34329.9,34329.9,1,"OP","USD","INV",2742,1004,9355,317340,,,4,1,31-DEC-12,31-DEC-12,,33330,33330,,,,,0,0,0,0,999.9,999.9,,,,,"",,,,"",,,,,"","",,,,,,,,"",,,,,"PC4",31-DEC-04,"","","","","","","","","","","",,,"","","","","",31-DEC-04,34329.9,222,20428,04-JAN-05,"",3204806,,,,,5186,,,"","","","","","","","","","","","","","","","","","","","","",,,"","","","","","",,"",,"","",""
164605,16-MAR-06,1007953,16-MAR-06,1007953,3892979,30-MAR-06,17098,17098,1,"OP","USD","INV",2742,1004,9355,466714,,,4,1,31-DEC-12,31-DEC-12,,16600,16600,,,,,0,0,0,0,498,498,,,,,"",,,,"",,,,,"","",,,,,,,,"",,,,,"ECPC13",28-FEB-06,"","","","","","","","","","","",,,"","","","","",28-FEB-06,17098,222,20428,16-MAR-06,"",4121974,,,,,5186,,,"","","","","","","","","","","","","","","","","","","","","",,,"","","","","","",,"",,"","",""
176097,12-JUL-06,1007953,12-JUL-06,1007953,4036751,30-JUL-06,15009.51,15009.51,1,"OP","USD","INV",2742,1004,9355,513965,,,4,1,31-DEC-12,31-DEC-12,,14572.33,14572.33,,,,,0,0,0,0,437.18,437.18,,,,,"",,,,"",,,,,"","",,,,,,,,"",,,,,"EC25",30-JUN-06,"","","","","","","","","","","",,,"","","","","",30-JUN-06,15009.51,222,20428,12-JUL-06,"",4262730,,,,,5186,,,"","","","","","","","","","","","","","","","","","","","","",,,"","","","","","",,"",,"","",""
172490,05-JUN-06,1007953,05-JUN-06,1007953,3983663,30-JUN-06,6841.28,6841.28,1,"OP","USD","INV",2742,1004,9355,499321,,,4,1,31-DEC-12,31-DEC-12,,6642.02,6642.02,,,,,0,0,0,0,199.26,199.26,,,,,"",,,,"",,,,,"","",,,,,,,,"",,,,,"ECTM24",31-MAY-06,"","","","","","","","","","","",,,"","","","","",31-MAY-06,6841.28,222,20428,05-JUN-06,"",4210108,,,,,5186,,,"","","","","","","","","","","","","","","","","","","","","",,,"","","","","","",,"",,"","",""
136394,06-JUN-05,1007953,06-JUN-05,1007953,3280118,30-JUN-05,34156.88,34156.88,1,"OP","USD","INV",2742,1004,9355,369260,,,4,1,31-DEC-12,31-DEC-12,,33162.02,33162.02,,,,,0,0,0,0,994.86,994.86,,,,,"",,,,"",,,,,"","",,,,,,,,"",,,,,"ECTM12",31-MAY-05,"","","","","","","","","","","",,,"","","","","",31-MAY-05,34156.88,222,20428,06-JUN-05,"",3458032,,,,,5186,,,"","","","","","","","","","","","","","","","","","","","","",,,"","","","","","",,"",,"","",""
136395,06-JUN-05,1007953,06-JUN-05,1007953,3280118,30-JUN-05,12011.58,12011.58,1,"OP","USD","INV",2742,1004,9355,369261,,,4,1,31-DEC-12,31-DEC-12,,11661.73,11661.73,,,,,0,0,0,0,349.85,349.85,,,,,"",,,,"",,,,,"","",,,,,,,,"",,,,,"P12",31-MAY-05,"","","","","","","","","","","",,,"","","","","",31-MAY-05,12011.58,222,20428,06-JUN-05,"",3458032,,,,,5186,,,"","","","","","","","","","","","","","","","","","","","","",,,"","","","","","",,"",,"","",""
127441,03-MAR-05,1007953,03-MAR-05,1007953,3102614,30-MAR-05,17536.27,17536.27,1,"OP","USD","INV",2742,1004,9355,337711,,,4,1,31-DEC-12,31-DEC-12,,17025.5,17025.5,,,,,0,0,0,0,510.77,510.77,,,,,"",,,,"",,,,,"","",,,,,,,,"",,,,,"EC9",28-FEB-05,"","","","","","","","","","","",,,"","","","","",28-FEB-05,17536.27,222,20428,03-MAR-05,"",3276750,,,,,5186,,,"","","","","","","","","","","","","","","","","","","","","",,,"","","","","","",,"",,"","",""
158099,04-JAN-06,1007953,04-JAN-06,1007953,3749787,30-JAN-06,17304,17304,1,"OP","USD","INV",2742,1004,9355,442124,,,4,1,31-DEC-12,31-DEC-12,,16800,16800,,,,,0,0,0,0,504,504,,,,,"",,,,"",,,,,"","",,,,,,,,"",,,,,"ECPC12",31-DEC-05,"","","","","","","","","","","",,,"","","","","",31-DEC-05,17304,222,20428,04-JAN-06,"",3951721,,,,,5186,,,"","","","","","","","","","","","","","","","","","","","","",,,"","","","","","",,"",,"","",""
169735,08-MAY-06,1007953,08-MAY-06,1007953,3954497,30-MAY-06,9701.68,9701.68,1,"OP","USD","INV",2742,1004,9355,487698,,,4,1,31-DEC-12,31-DEC-12,,9419.1,9419.1,,,,,0,0,0,0,282.58,282.58,,,,,"",,,,"",,,,,"","",,,,,,,,"",,,,,"P23",30-APR-06,"","","","","","","","","","","",,,"","","","","",30-APR-06,9701.68,222,20428,08-MAY-06,"",4181205,,,,,5186,,,"","","","","","","","","","","","","","","","","","","","","",,,"","","","","","",,"",,"","",""
110427,03-SEP-04,1007953,03-SEP-04,1007953,2802067,30-AUG-04,21071.54,21071.54,1,"OP","USD","INV",2742,1004,9355,279327,,,4,1,31-DEC-12,31-DEC-12,,20457.8,20457.8,,,,,0,0,0,0,613.74,613.74,,,,,"",,,,"",,,,,"","",,,,,,,,"",,,,,"ECTM2",31-JUL-04,"","","","","","","","","","","",,,"","","","","",31-JUL-04,21071.54,222,20428,03-SEP-04,"",2959142,,,,,5186,,,"","","","","","","","","","","","","","","","","","","","","",,,"","","","","","",,"",,"","",""
119999,08-DEC-04,1007953,08-DEC-04,1007953,3004921,30-DEC-04,8149.21,8149.21,1,"OP","USD","INV",2742,1004,9355,309844,,,4,1,31-DEC-12,31-DEC-12,,7911.86,7911.86,,,,,0,0,0,0,237.35,237.35,,,,,"",,,,"",,,,,"","",,,,,,,,"",,,,,"P6",30-NOV-04,"","","","","","","","","","","",,,"","","","","",30-NOV-04,8149.21,222,20428,08-DEC-04,"",3178060,,,,,5186,,,"","","","","","","","","","","","","","","","","","","","","",,,"","","","","","",,"",,"","",""
166710,06-APR-06,1007953,06-APR-06,1007953,3918074,30-APR-06,9561.61,9561.61,1,"OP","USD","INV",2742,1004,9355,475025,,,4,1,31-DEC-12,31-DEC-12,,9283.12,9283.12,,,,,0,0,0,0,278.49,278.49,,,,,"",,,,"",,,,,"","",,,,,,,,"",,,,,"ECTM22",31-MAR-06,"","","","","","","","","","","",,,"","","","","",31-MAR-06,9561.61,222,20428,06-APR-06,"",4145997,,,,,5186,,,"","","","","","","","","","","","","","","","","","","","","",,,"","","","","","",,"",,"","",""
177593,01-AUG-06,1319,01-AUG-06,1319,4059696,30-AUG-06,6068.66,6068.66,1,"OP","USD","INV",1023,1004,1078,519810,,,4,1,31-DEC-12,31-DEC-12,,5623.45,5623.45,,,,,0,0,0,0,445.21,445.21,,,,,"",,,,"",,,,,"","",,,,,,,,"",,,,,"OKE #30",31-JUL-06,"","","","","","","","","","","",,,"","","","","",31-JUL-06,6068.66,222,20428,01-AUG-06,"",4288424,,,,,458,,,"","","","","","","","","","","","","","","","","","","","","",,,"","","","","","",,"",,"","",""
176679,19-JUL-06,1000148,19-JUL-06,1000148,4045381,18-AUG-06,77456.83,77456.83,1,"OP","USD","INV",1361,1004,1017,515994,,,4,1,31-DEC-12,31-DEC-12,,71774.45,71774.45,,,,,0,0,0,0,5682.38,5682.38,,,,,"",,,,"",,,,,"","",,,,,,,,"",,,,,"10033537",19-JUL-06,"","","","","","","","","","","",,,"","","","","",19-JUL-06,77456.83,222,20428,19-JUL-06,"",4271111,,,,,204,,,"","","","","","","","","","","","","","","","","","","","","",,,"","","","","","",,"",,"","",""
174819,28-JUN-06,1000148,28-JUN-06,1000148,4009130,28-JUL-06,77456.83,77456.83,1,"OP","USD","INV",1361,1004,1017,509649,,,4,1,31-DEC-12,31-DEC-12,,71774.45,71774.45,,,,,0,0,0,0,5682.38,5682.38,,,,,"",,,,"",,,,,"","",,,,,,,,"",,,,,"10033308",28-JUN-06,"","","","","","","","","","","",,,"","","","","",28-JUN-06,77456.83,222,20428,28-JUN-06,"",4234449,,,,,204,,,"","","","","","","","","","","","","","","","","","","","","",,,"","","","","","",,"",,"","",""
174817,28-JUN-06,1000148,28-JUN-06,1000148,4009130,28-JUL-06,78476.65,78476.65,1,"OP","USD","INV",1361,1004,1017,509640,,,4,1,31-DEC-12,31-DEC-12,,72719.46,72719.46,,,,,0,0,0,0,5757.19,5757.19,,,,,"",,,,"",,,,,"","",,,,,,,,"",,,,,"10033309",28-JUN-06,"","","","","","","","","","","",,,"","","","","",28-JUN-06,78476.65,222,20428,28-JUN-06,"",4234449,,,,,204,,,"","","","","","","","","","","","","","","","","","","","","",,,"","","","","","",,"",,"","",""
176050,12-JUL-06,1000148,12-JUL-06,1000148,4036721,11-AUG-06,124173.79,124173.79,1,"OP","USD","INV",1361,1004,1017,513901,,,4,1,31-DEC-12,31-DEC-12,,115064.16,115064.16,,,,,0,0,0,0,9109.63,9109.63,,,,,"",,,,"",,,,,"","",,,,,,,,"",,,,,"10033405",12-JUL-06,"","","","","","","","","","","",,,"","","","","",12-JUL-06,124173.79,222,20428,12-JUL-06,"",4262699,,,,,204,,,"","","","","","","","","","","","","","","","","","","","","",,,"","","","","","",,"",,"","",""
176034,12-JUL-06,1000148,12-JUL-06,1000148,4036721,11-AUG-06,118977.63,118977.63,1,"OP","USD","INV",1361,1004,1017,513886,,,4,1,31-DEC-12,31-DEC-12,,110249.2,110249.2,,,,,0,0,0,0,8728.43,8728.43,,,,,"",,,,"",,,,,"","",,,,,,,,"",,,,,"10033416",12-JUL-06,"","","","","","","","","","","",,,"","","","","",12-JUL-06,118977.63,222,20428,12-JUL-06,"",4262699,,,,,204,,,"","","","","","","","","","","","","","","","","","","","","",,,"","","","","","",,"",,"","",""
177354,27-JUL-06,1000148,27-JUL-06,1000148,4056079,26-AUG-06,77456.83,77456.83,1,"OP","USD","INV",1361,1004,1017,518608,,,4,1,31-DEC-12,31-DEC-12,,71774.45,71774.45,,,,,0,0,0,0,5682.38,5682.38,,,,,"",,,,"",,,,,"","",,,,,,,,"",,,,,"10033575",27-JUL-06,"","","","","","","","","","","",,,"","","","","",27-JUL-06,77456.83,222,20428,27-JUL-06,"",4284927,,,,,204,,,"","","","","","","","","","","","","","","","","","","","","",,,"","","","","","",,"",,"","",""
173641,15-JUN-06,1000148,15-JUN-06,1000148,3995069,15-JUL-06,77456.83,77456.83,1,"OP","USD","INV",1361,1004,1017,504049,,,4,1,31-DEC-12,31-DEC-12,,71774.45,71774.45,,,,,0,0,0,0,5682.38,5682.38,,,,,"",,,,"",,,,,"","",,,,,,,,"",,,,,"10033208",15-JUN-06,"","","","","","","","","","","",,,"","","","","",15-JUN-06,77456.83,222,20428,15-JUN-06,"",4221225,,,,,204,,,"","","","","","","","","","","","","","","","","","","","","",,,"","","","","","",,"",,"","",""
176867,21-JUL-06,2045,21-JUL-06,2045,4046729,20-AUG-06,47412.52,47412.52,1,"OP","EUR","INV",1421,1004,3048,516478,,,4,1,31-DEC-12,31-DEC-12,,40872.86,40872.86,,,,,0,0,0,0,6539.66,6539.66,,,,,"",,,,"",,,,,"","",,,,,,,,"",,,,,"120558",21-JUL-06,"","","","","","","","","","","",,,"","","","","",21-JUL-06,47412.52,222,20428,21-JUL-06,"",4272418,,,,,911,,,"","","","","","","","","","","","","","","","","","","","","",,,"","","","","","",,"",,"","",""
175432,07-JUL-06,2190,07-JUL-06,2190,4028898,06-AUG-06,60519.62,60519.62,1,"OP","EUR","INV",1522,1004,1603,511560,,,4,1,31-DEC-12,31-DEC-12,,50433.01,50433.01,,,,,0,0,0,0,10086.61,10086.61,,,,,"",,,,"",,,,,"","",,,,,,,,"",,,,,"1025",07-JUL-06,"","","","","","","","","","","",,,"","","","","",07-JUL-06,60519.62,222,20428,07-JUL-06,"",4254968,,,,,1017,,,"","","","","","","","","","","","","","","","","","","","","",,,"","","","","","",,"",,"","",""
14604,05-JUL-01,2190,05-JUL-01,2190,-1,05-JUL-01,153191760,153191760,1,"OP","ITL","INV",1809,1004,1603,45507,,,5,1,31-DEC-12,31-DEC-12,,127659800,127659800,,,,,0,0,0,0,25531960,25531960,,,,,"",,,,"",,,,,"","EMU FIXED",05-JUL-01,0.000516456899089486486905235323586070124518,,,,,,"",,,,,"27",05-JUL-01,"","","","","","","","","","","",,,"","","","","",05-JUL-01,79116.94,,,,"",,1337,,,,1017,,,"","","","","","","","","","","","","","","","","","","","","",,,"","","<207>EMU FIXED<187><","<207>20010705000000<187><","<207>.00051645689908948648690523532358607012<187>1.<","<207>79116.94<187>153191760.<",,"",,"","",""
175715,11-JUL-06,2046,11-JUL-06,2046,4032333,10-AUG-06,65556.46,65556.46,1,"OP","GBP","INV",1923,1004,4668,512862,,,4,1,31-DEC-12,31-DEC-12,,55792.72,55792.72,,,,,0,0,0,0,9763.74,9763.74,,,,,"",,,,"",,,,,"","",,,,,,,,"",,,,,"118480",11-JUL-06,"","","","","","","","","","","",,,"","","","","",11-JUL-06,65556.46,222,20428,11-JUL-06,"",4258266,,,,,626,,,"","","","","","","","","","","","","","","","","","","","","",,,"","","","","","",,"",,"","",""
175716,11-JUL-06,2046,11-JUL-06,2046,4032333,10-AUG-06,160671.17,160671.17,1,"OP","GBP","INV",1923,1004,4668,512863,,,4,1,31-DEC-12,31-DEC-12,,136741.42,136741.42,,,,,0,0,0,0,23929.75,23929.75,,,,,"",,,,"",,,,,"","",,,,,,,,"",,,,,"118482",11-JUL-06,"","","","","","","","","","","",,,"","","","","",11-JUL-06,160671.17,222,20428,11-JUL-06,"",4258266,,,,,626,,,"","","","","","","","","","","","","","","","","","","","","",,,"","","","","","",,"",,"","",""
150261,01-NOV-05,1007953,01-NOV-05,1007953,3522290,30-NOV-05,14635.5,14635.5,1,"OP","USD","INV",2742,1004,9355,414897,,,4,1,31-DEC-12,31-DEC-12,,14209.23,14209.23,,,,,0,0,0,0,426.27,426.27,,,,,"",,,,"",,,,,"","",,,,,,,,"",,,,,"P17",31-OCT-05,"","","","","","","","","","","",,,"","","","","",31-OCT-05,14635.5,222,20428,01-NOV-05,"",3702885,,,,,5186,,,"","","","","","","","","","","","","","","","","","","","","",,,"","","","","","",,"",,"","",""
121992,04-JAN-05,1007953,04-JAN-05,1007953,3033792,30-JAN-05,8493.45,8493.45,1,"OP","USD","INV",2742,1004,9355,317342,,,4,1,31-DEC-12,31-DEC-12,,8246.06,8246.06,,,,,0,0,0,0,247.39,247.39,,,,,"",,,,"",,,,,"","",,,,,,,,"",,,,,"P7",31-DEC-04,"","","","","","","","","","","",,,"","","","","",31-DEC-04,8493.45,222,20428,04-JAN-05,"",3204806,,,,,5186,,,"","","","","","","","","","","","","","","","","","","","","",,,"","","","","","",,"",,"","",""
176099,12-JUL-06,1007953,12-JUL-06,1007953,4036751,30-JUL-06,6798,6798,1,"OP","USD","INV",2742,1004,9355,513967,,,4,1,31-DEC-12,31-DEC-12,,6600,6600,,,,,0,0,0,0,198,198,,,,,"",,,,"",,,,,"","",,,,,,,,"",,,,,"ECPC16",30-JUN-06,"","","","","","","","","","","",,,"","","","","",30-JUN-06,6798,222,20428,12-JUL-06,"",4262730,,,,,5186,,,"","","","","","","","","","","","","","","","","","","","","",,,"","","","","","",,"",,"","",""
172491,05-JUN-06,1007953,05-JUN-06,1007953,3983663,30-JUN-06,10535.68,10535.68,1,"OP","USD","INV",2742,1004,9355,499322,,,4,1,31-DEC-12,31-DEC-12,,10228.81,10228.81,,,,,0,0,0,0,306.87,306.87,,,,,"",,,,"",,,,,"","",,,,,,,,"",,,,,"P24",31-MAY-06,"","","","","","","","","","","",,,"","","","","",31-MAY-06,10535.68,222,20428,05-JUN-06,"",4210108,,,,,5186,,,"","","","","","","","","","","","","","","","","","","","","",,,"","","","","","",,"",,"","",""
125419,11-FEB-05,1007953,11-FEB-05,1007953,3076618,02-MAR-05,21867.81,21867.81,1,"OP","USD","INV",2742,1004,9355,330496,,,4,1,31-DEC-12,31-DEC-12,,21230.88,21230.88,,,,,0,0,0,0,636.93,636.93,,,,,"",,,,"",,,,,"","",,,,,,,,"",,,,,"EC8",31-JAN-05,"","","","","","","","","","","",,,"","","","","",31-JAN-05,21867.81,222,20428,11-FEB-05,"",3246053,,,,,5186,,,"","","","","","","","","","","","","","","","","","","","","",,,"","","","","","",,"",,"","",""
125422,11-FEB-05,1007953,11-FEB-05,1007953,3076618,02-MAR-05,14131.96,14131.96,1,"OP","USD","INV",2742,1004,9355,330499,,,4,1,31-DEC-12,31-DEC-12,,13720.35,13720.35,,,,,0,0,0,0,411.61,411.61,,,,,"",,,,"",,,,,"","",,,,,,,,"",,,,,"P8",31-JAN-05,"","","","","","","","","","","",,,"","","","","",31-JAN-05,14131.96,222,20428,11-FEB-05,"",3246053,,,,,5186,,,"","","","","","","","","","","","","","","","","","","","","",,,"","","","","","",,"",,"","",""
116709,27-OCT-04,1007953,27-OCT-04,1007953,2941496,28-NOV-04,7944.56,7944.56,1,"OP","USD","INV",2742,1004,9355,300280,,,4,1,31-DEC-12,31-DEC-12,,7713.16,7713.16,,,,,0,0,0,0,231.4,231.4,,,,,"",,,,"",,,,,"","",,,,,,,,"",,,,,"P5",29-OCT-04,"","","","","","","","","","","",,,"","","","","",29-OCT-04,7944.56,222,20428,27-OCT-04,"",3120447,,,,,5186,,,"","","","","","","","","","","","","","","","","","","","","",,,"","","","","","",,"",,"","",""
136390,06-JUN-05,1007953,06-JUN-05,1007953,3280118,30-JUN-05,18353.68,18353.68,1,"OP","USD","INV",2742,1004,9355,369258,,,4,1,31-DEC-12,31-DEC-12,,17819.1,17819.1,,,,,0,0,0,0,534.58,534.58,,,,,"",,,,"",,,,,"","",,,,,,,,"",,,,,"EC12",31-MAY-05,"","","","","","","","","","","",,,"","","","","",31-MAY-05,18353.68,222,20428,06-JUN-05,"",3458032,,,,,5186,,,"","","","","","","","","","","","","","","","","","","","","",,,"","","","","","",,"",,"","",""
169731,08-MAY-06,1007953,08-MAY-06,1007953,3954497,30-MAY-06,11455.75,11455.75,1,"OP","USD","INV",2742,1004,9355,487694,,,4,1,31-DEC-12,31-DEC-12,,11122.08,11122.08,,,,,0,0,0,0,333.67,333.67,,,,,"",,,,"",,,,,"","",,,,,,,,"",,,,,"EC23",30-APR-06,"","","","","","","","","","","",,,"","","","","",30-APR-06,11455.75,222,20428,08-MAY-06,"",4181205,,,,,5186,,,"","","","","","","","","","","","","","","","","","","","","",,,"","","","","","",,"",,"","",""
61988,30-OCT-03,1004944,17-FEB-03,1004944,-1,03-JAN-03,430.4,430.4,1,"OP","CHF","INV",1,1004,6154,112816,,,4,1,31-DEC-12,31-DEC-12,,400,400,,,,,0,0,0,0,30.4,30.4,,,,,"",,,,"",,,,,"","",,,,,,,,"",,,,,"4",04-DEC-02,"","","","","","","","","","","",,,"","","","","",04-DEC-02,430.4,,,17-FEB-03,"",,,,,,3537,1,,"","","","","","","","","","","","","","","","","","","","","",,,"","","","","","",,"",,"","",""
155384,15-DEC-05,2189,15-DEC-05,2189,-1,15-DEC-05,19500,19500,1,"OP","EUR","GUAR",1242,1004,1662,431824,,,5,1,31-DEC-12,31-DEC-12,,19500,19500,,,,,0,0,0,0,0,0,,,,,"",,,,"",,,,,"","",,,,,,,,"",,,,,"773",15-DEC-05,"","","","","","","","","","","",,,"","","","","",15-DEC-05,19500,,,15-DEC-05,"",,,,,,1018,,,"","","","","","","","","","","","","","","","","","","","","",,,"","","","","","",,"",,"","",""
174188,21-JUN-06,1000148,21-JUN-06,1000148,4000706,21-JUL-06,77456.83,77456.83,1,"OP","USD","INV",1361,1004,1017,506343,,,4,1,31-DEC-12,31-DEC-12,,71774.45,71774.45,,,,,0,0,0,0,5682.38,5682.38,,,,,"",,,,"",,,,,"","",,,,,,,,"",,,,,"10033258",21-JUN-06,"","","","","","","","","","","",,,"","","","","",21-JUN-06,77456.83,222,20428,21-JUN-06,"",4226712,,,,,204,,,"","","","","","","","","","","","","","","","","","","","","",,,"","","","","","",,"",,"","",""
176659,19-JUL-06,1000148,19-JUL-06,1000148,4045381,18-AUG-06,117496.43,117496.43,1,"OP","USD","INV",1361,1004,1017,515984,,,4,1,31-DEC-12,31-DEC-12,,108876.67,108876.67,,,,,0,0,0,0,8619.76,8619.76,,,,,"",,,,"",,,,,"","",,,,,,,,"",,,,,"10033513",19-JUL-06,"","","","","","","","","","","",,,"","","","","",19-JUL-06,117496.43,222,20428,19-JUL-06,"",4271111,,,,,204,,,"","","","","","","","","","","","","","","","","","","","","",,,"","","","","","",,"",,"","",""
176674,19-JUL-06,1000148,19-JUL-06,1000148,4045381,18-AUG-06,78476.65,78476.65,1,"OP","USD","INV",1361,1004,1017,515986,,,4,1,31-DEC-12,31-DEC-12,,72719.46,72719.46,,,,,0,0,0,0,5757.19,5757.19,,,,,"",,,,"",,,,,"","",,,,,,,,"",,,,,"10033532",19-JUL-06,"","","","","","","","","","","",,,"","","","","",19-JUL-06,78476.65,222,20428,19-JUL-06,"",4271111,,,,,204,,,"","","","","","","","","","","","","","","","","","","","","",,,"","","","","","",,"",,"","",""
176680,19-JUL-06,1000148,19-JUL-06,1000148,4045381,18-AUG-06,77456.83,77456.83,1,"OP","USD","INV",1361,1004,1017,515997,,,4,1,31-DEC-12,31-DEC-12,,71774.45,71774.45,,,,,0,0,0,0,5682.38,5682.38,,,,,"",,,,"",,,,,"","",,,,,,,,"",,,,,"10033540",19-JUL-06,"","","","","","","","","","","",,,"","","","","",19-JUL-06,77456.83,222,20428,19-JUL-06,"",4271111,,,,,204,,,"","","","","","","","","","","","","","","","","","","","","",,,"","","","","","",,"",,"","",""
176038,12-JUL-06,1000148,12-JUL-06,1000148,4036721,11-AUG-06,77456.83,77456.83,1,"OP","USD","INV",1361,1004,1017,513887,,,4,1,31-DEC-12,31-DEC-12,,71774.45,71774.45,,,,,0,0,0,0,5682.38,5682.38,,,,,"",,,,"",,,,,"","",,,,,,,,"",,,,,"10033389",12-JUL-06,"","","","","","","","","","","",,,"","","","","",12-JUL-06,77456.83,222,20428,12-JUL-06,"",4262699,,,,,204,,,"","","","","","","","","","","","","","","","","","","","","",,,"","","","","","",,"",,"","",""
176041,12-JUL-06,1000148,12-JUL-06,1000148,4036721,11-AUG-06,84911.15,84911.15,1,"OP","USD","INV",1361,1004,1017,513895,,,4,1,31-DEC-12,31-DEC-12,,78681.91,78681.91,,,,,0,0,0,0,6229.24,6229.24,,,,,"",,,,"",,,,,"","",,,,,,,,"",,,,,"10033393",12-JUL-06,"","","","","","","","","","","",,,"","","","","",12-JUL-06,84911.15,222,20428,12-JUL-06,"",4262699,,,,,204,,,"","","","","","","","","","","","","","","","","","","","","",,,"","","","","","",,"",,"","",""
176043,12-JUL-06,1000148,12-JUL-06,1000148,4036721,11-AUG-06,124173.79,124173.79,1,"OP","USD","INV",1361,1004,1017,513899,,,4,1,31-DEC-12,31-DEC-12,,115064.16,115064.16,,,,,0,0,0,0,9109.63,9109.63,,,,,"",,,,"",,,,,"","",,,,,,,,"",,,,,"10033396",12-JUL-06,"","","","","","","","","","","",,,"","","","","",12-JUL-06,124173.79,222,20428,12-JUL-06,"",4262699,,,,,204,,,"","","","","","","","","","","","","","","","","","","","","",,,"","","","","","",,"",,"","",""
176056,12-JUL-06,1000148,12-JUL-06,1000148,4036721,11-AUG-06,77456.83,77456.83,1,"OP","USD","INV",1361,1004,1017,513902,,,4,1,31-DEC-12,31-DEC-12,,71774.45,71774.45,,,,,0,0,0,0,5682.38,5682.38,,,,,"",,,,"",,,,,"","",,,,,,,,"",,,,,"10033412",12-JUL-06,"","","","","","","","","","","",,,"","","","","",12-JUL-06,77456.83,222,20428,12-JUL-06,"",4262699,,,,,204,,,"","","","","","","","","","","","","","","","","","","","","",,,"","","","","","",,"",,"","",""
176538,18-JUL-06,2045,18-JUL-06,2045,4043101,17-AUG-06,385101.5,385101.5,1,"OP","EUR","INV",1421,1004,3048,515562,,,4,1,31-DEC-12,31-DEC-12,,331984.05,331984.05,,,,,0,0,0,0,53117.45,53117.45,,,,,"",,,,"",,,,,"","",,,,,,,,"",,,,,"120521",18-JUL-06,"","","","","","","","","","","",,,"","","","","",18-JUL-06,385101.5,222,20428,18-JUL-06,"",4268965,,,,,911,,,"","","","","","","","","","","","","","","","","","","","","",,,"","","","","","",,"",,"","",""
176910,21-JUL-06,2048,21-JUL-06,2048,4046853,20-AUG-06,932810.62,932810.62,1,"OP","SEK","INV",1501,1004,1572,516679,,,4,1,31-DEC-12,31-DEC-12,,746248.5,746248.5,,,,,0,0,0,0,186562.12,186562.12,,,,,"",,,,"",,,,,"","",,,,,,,,"",,,,,"319347",21-JUL-06,"","","","","","","","","","","",,,"","","","","",21-JUL-06,932810.62,222,20428,21-JUL-06,"",4272542,,,,,887,,,"","","","","","","","","","","","","","","","","","","","","",,,"","","","","","",,"",,"","",""
176913,21-JUL-06,2047,21-JUL-06,2047,4046908,21-JUL-06,-3123.75,-3123.75,1,"OP","EUR","CM",1541,1004,3789,516684,,,,1,31-DEC-12,31-DEC-12,,-2625,-2625,,,,,0,0,0,0,-498.75,-498.75,,,,,"",,,,"",,,,,"","",,,,,,,,"",,,,,"309247",21-JUL-06,"","","","","","","","","","","",,,"","","","","",21-JUL-06,-3123.75,222,20428,21-JUL-06,"",4272597,,,,,889,,,"","","","","","","","","","","","","","","","","","","","","",,,"","","","","","",,"",,"","",""
177857,04-AUG-06,2047,04-AUG-06,2047,4062793,03-SEP-06,65458.21,65458.21,1,"OP","EUR","INV",1542,1004,3789,521014,,,4,1,31-DEC-12,31-DEC-12,,55006.9,55006.9,,,,,0,0,0,0,10451.31,10451.31,,,,,"",,,,"",,,,,"","",,,,,,,,"",,,,,"719067",04-AUG-06,"","","","","","","","","","","",,,"","","","","",04-AUG-06,65458.21,222,20428,04-AUG-06,"",4291340,,,,,889,,,"","","","","","","","","","","","","","","","","","","","","",,,"","","","","","",,"",,"","",""
14503,05-JUL-01,2190,29-JUN-01,2190,-1,29-JUN-01,2448000,2448000,1,"OP","ITL","INV",1809,1004,1603,45454,,,5,1,31-DEC-12,31-DEC-12,,2040000,2040000,,,,,0,0,0,0,408000,408000,,,,,"",,,,"",,,,,"","EMU FIXED",29-JUN-01,0.000516456899089486486905235323586070124518,,,,,,"",,,,,"24",29-JUN-01,"","","","","","","","","","","",,,"","","","","",29-JUN-01,1264.29,,,,"",,1337,,,,1017,,,"","","","","","","","","","","","","","","","","","","","","",,,"","","<207>EMU FIXED<187><","<207>20010629000000<187><","<207>.00051645689908948648690523532358607012<187>1.<","<207>1264.29<187>2448000.<",,"",,"","",""
110753,07-SEP-04,1007953,07-SEP-04,1007953,2811689,30-SEP-04,11034.53,11034.53,1,"OP","USD","INV",2742,1004,9355,280145,,,4,1,31-DEC-12,31-DEC-12,,10713.14,10713.14,,,,,0,0,0,0,321.39,321.39,,,,,"",,,,"",,,,,"","",,,,,,,,"",,,,,"EC3",31-AUG-04,"","","","","","","","","","","",,,"","","","","",31-AUG-04,11034.53,222,20428,07-SEP-04,"",2963460,,,,,5186,,,"","","","","","","","","","","","","","","","","","","","","",,,"","","","","","",,"",,"","",""
121991,04-JAN-05,1007953,04-JAN-05,1007953,3033792,30-JAN-05,19251.03,19251.03,1,"OP","USD","INV",2742,1004,9355,317341,,,4,1,31-DEC-12,31-DEC-12,,18690.32,18690.32,,,,,0,0,0,0,560.71,560.71,,,,,"",,,,"",,,,,"","",,,,,,,,"",,,,,"ECTM7",31-DEC-04,"","","","","","","","","","","",,,"","","","","",31-DEC-04,19251.03,222,20428,04-JAN-05,"",3204806,,,,,5186,,,"","","","","","","","","","","","","","","","","","","","","",,,"","","","","","",,"",,"","",""
163002,28-FEB-06,1007953,28-FEB-06,1007953,3873385,02-MAR-06,10380.45,10380.45,1,"OP","USD","INV",2742,1004,9355,459947,,,4,1,31-DEC-12,31-DEC-12,,10078.1,10078.1,,,,,0,0,0,0,302.35,302.35,,,,,"",,,,"",,,,,"","",,,,,,,,"",,,,,"P20",31-JAN-06,"","","","","","","","","","","",,,"","","","","",31-JAN-06,10380.45,222,20428,28-FEB-06,"",4102543,,,,,5186,,,"","","","","","","","","","","","","","","","","","","","","",,,"","","","","","",,"",,"","",""
114079,30-SEP-04,1007953,30-SEP-04,1007953,2882171,30-OCT-04,23409.8,23409.8,1,"OP","USD","INV",2742,1004,9355,291956,,,4,1,31-DEC-12,31-DEC-12,,22727.96,22727.96,,,,,0,0,0,0,681.84,681.84,,,,,"",,,,"",,,,,"","",,,,,,,,"",,,,,"EC4",30-SEP-04,"","","","","","","","","","","",,,"","","","","",30-SEP-04,23409.8,222,20428,30-SEP-04,"",3016348,,,,,5186,,,"","","","","","","","","","","","","","","","","","","","","",,,"","","","","","",,"",,"","",""
133377,05-MAY-05,1007953,05-MAY-05,1007953,3207973,30-MAY-05,14550.92,14550.92,1,"OP","USD","INV",2742,1004,9355,355828,,,4,1,31-DEC-12,31-DEC-12,,14127.1,14127.1,,,,,0,0,0,0,423.82,423.82,,,,,"",,,,"",,,,,"","",,,,,,,,"",,,,,"P11",30-APR-05,"","","","","","","","","","","",,,"","","","","",30-APR-05,14550.92,222,20428,05-MAY-05,"",3387702,,,,,5186,,,"","","","","","","","","","","","","","","","","","","","","",,,"","","","","","",,"",,"","",""
172487,05-JUN-06,1007953,05-JUN-06,1007953,3983663,30-JUN-06,11601,11601,1,"OP","USD","INV",2742,1004,9355,499318,,,4,1,31-DEC-12,31-DEC-12,,11263.1,11263.1,,,,,0,0,0,0,337.9,337.9,,,,,"",,,,"",,,,,"","",,,,,,,,"",,,,,"EC24",31-MAY-06,"","","","","","","","","","","",,,"","","","","",31-MAY-06,11601,222,20428,05-JUN-06,"",4210108,,,,,5186,,,"","","","","","","","","","","","","","","","","","","","","",,,"","","","","","",,"",,"","",""
114080,30-SEP-04,1007953,30-SEP-04,1007953,2882171,30-OCT-04,68659.8,68659.8,1,"OP","USD","INV",2742,1004,9355,291957,,,4,1,31-DEC-12,31-DEC-12,,66660,66660,,,,,0,0,0,0,1999.8,1999.8,,,,,"",,,,"",,,,,"","",,,,,,,,"",,,,,"PC1",30-SEP-04,"","","","","","","","","","","",,,"","","","","",30-SEP-04,68659.8,222,20428,30-SEP-04,"",3016348,,,,,5186,,,"","","","","","","","","","","","","","","","","","","","","",,,"","","","","","",,"",,"","",""
158100,04-JAN-06,1007953,04-JAN-06,1007953,3749787,30-JAN-06,12625.06,12625.06,1,"OP","USD","INV",2742,1004,9355,442125,,,4,1,31-DEC-12,31-DEC-12,,12257.35,12257.35,,,,,0,0,0,0,367.71,367.71,,,,,"",,,,"",,,,,"","",,,,,,,,"",,,,,"ECTM19",31-DEC-05,"","","","","","","","","","","",,,"","","","","",31-DEC-05,12625.06,222,20428,04-JAN-06,"",3951721,,,,,5186,,,"","","","","","","","","","","","","","","","","","","","","",,,"","","","","","",,"",,"","",""
177777,03-AUG-06,1007953,03-AUG-06,1007953,4062205,30-AUG-06,7193.02,7193.02,1,"OP","USD","INV",2742,1004,9355,520713,,,4,1,31-DEC-12,31-DEC-12,,6983.51,6983.51,,,,,0,0,0,0,209.51,209.51,,,,,"",,,,"",,,,,"","",,,,,,,,"",,,,,"ECTM26",31-JUL-06,"","","","","","","","","","","",,,"","","","","",31-JUL-06,7193.02,222,20428,03-AUG-06,"",4290810,,,,,5186,,,"","","","","","","","","","","","","","","","","","","","","",,,"","","","","","",,"",,"","",""
177778,03-AUG-06,1007953,03-AUG-06,1007953,4062205,30-AUG-06,9190.64,9190.64,1,"OP","USD","INV",2742,1004,9355,520714,,,4,1,31-DEC-12,31-DEC-12,,8922.95,8922.95,,,,,0,0,0,0,267.69,267.69,,,,,"",,,,"",,,,,"","",,,,,,,,"",,,,,"P26",31-JUL-06,"","","","","","","","","","","",,,"","","","","",31-JUL-06,9190.64,222,20428,03-AUG-06,"",4290810,,,,,5186,,,"","","","","","","","","","","","","","","","","","","","","",,,"","","","","","",,"",,"","",""
148175,06-OCT-05,1007953,06-OCT-05,1007953,3483922,30-OCT-05,25764.83,25764.83,1,"OP","USD","INV",2742,1004,9355,408059,,,4,1,31-DEC-12,31-DEC-12,,25014.4,25014.4,,,,,0,0,0,0,750.43,750.43,,,,,"",,,,"",,,,,"","",,,,,,,,"",,,,,"ECTM16",30-SEP-05,"","","","","","","","","","","",,,"","","","","",30-SEP-05,25764.83,222,20428,06-OCT-05,"",3664773,,,,,5186,,,"","","","","","","","","","","","","","","","","","","","","",,,"","","","","","",,"",,"","",""
139817,01-JUL-05,1007953,01-JUL-05,1007953,3371799,30-JUL-05,14424.48,14424.48,1,"OP","USD","INV",2742,1004,9355,382479,,,4,1,31-DEC-12,31-DEC-12,,14004.35,14004.35,,,,,0,0,0,0,420.13,420.13,,,,,"",,,,"",,,,,"","",,,,,,,,"",,,,,"P13",30-JUN-05,"","","","","","","","","","","",,,"","","","","",30-JUN-05,14424.48,222,20428,01-JUL-05,"",3546878,,,,,5186,,,"","","","","","","","","","","","","","","","","","","","","",,,"","","","","","",,"",,"","",""
177595,01-AUG-06,1319,01-AUG-06,1319,4059696,30-AUG-06,4046.89,4046.89,1,"OP","USD","INV",1023,1004,1078,519812,,,4,1,31-DEC-12,31-DEC-12,,3750,3750,,,,,0,0,0,0,296.89,296.89,,,,,"",,,,"",,,,,"","",,,,,,,,"",,,,,"PC18",31-JUL-06,"","","","","","","","","","","",,,"","","","","",31-JUL-06,4046.89,222,20428,01-AUG-06,"",4288424,,,,,458,,,"","","","","","","","","","","","","","","","","","","","","",,,"","","","","","",,"",,"","",""
175792,11-JUL-06,1319,11-JUL-06,1319,4032838,10-AUG-06,4200,4200,1,"OP","USD","INV",1062,1004,1078,513164,,,4,1,31-DEC-12,31-DEC-12,,4200,4200,,,,,0,0,0,0,0,0,,,,,"",,,,"",,,,,"","",,,,,,,,"",,,,,"510886",11-JUL-06,"","","","","","","","","","","",,,"","","","","",11-JUL-06,4200,222,20428,11-JUL-06,"",4258765,,,,,458,,,"","","","","","","","","","","","","","","","","","","","","",,,"","","","","","",,"",,"","",""
176682,19-JUL-06,1000148,19-JUL-06,1000148,4045381,18-AUG-06,78476.65,78476.65,1,"OP","USD","INV",1361,1004,1017,515999,,,4,1,31-DEC-12,31-DEC-12,,72719.46,72719.46,,,,,0,0,0,0,5757.19,5757.19,,,,,"",,,,"",,,,,"","",,,,,,,,"",,,,,"10033547",19-JUL-06,"","","","","","","","","","","",,,"","","","","",19-JUL-06,78476.65,222,20428,19-JUL-06,"",4271111,,,,,204,,,"","","","","","","","","","","","","","","","","","","","","",,,"","","","","","",,"",,"","",""
176683,19-JUL-06,1000148,19-JUL-06,1000148,4045381,18-AUG-06,85663.9,85663.9,1,"OP","USD","INV",1361,1004,1017,516001,,,4,1,31-DEC-12,31-DEC-12,,79379.41,79379.41,,,,,0,0,0,0,6284.49,6284.49,,,,,"",,,,"",,,,,"","",,,,,,,,"",,,,,"10033548",19-JUL-06,"","","","","","","","","","","",,,"","","","","",19-JUL-06,85663.9,222,20428,19-JUL-06,"",4271111,,,,,204,,,"","","","","","","","","","","","","","","","","","","","","",,,"","","","","","",,"",,"","",""
176030,12-JUL-06,1000148,12-JUL-06,1000148,4036721,11-AUG-06,78428.07,78428.07,1,"OP","USD","INV",1361,1004,1017,513867,,,4,1,31-DEC-12,31-DEC-12,,72674.45,72674.45,,,,,0,0,0,0,5753.62,5753.62,,,,,"",,,,"",,,,,"","",,,,,,,,"",,,,,"10033408",12-JUL-06,"","","","","","","","","","","",,,"","","","","",12-JUL-06,78428.07,222,20428,12-JUL-06,"",4262699,,,,,204,,,"","","","","","","","","","","","","","","","","","","","","",,,"","","","","","",,"",,"","",""
177332,27-JUL-06,1000148,27-JUL-06,1000148,4056079,26-AUG-06,1505.43,1505.43,1,"OP","USD","INV",1361,1004,1017,518606,,,4,1,31-DEC-12,31-DEC-12,,1394.99,1394.99,,,,,0,0,0,0,110.44,110.44,,,,,"",,,,"",,,,,"","",,,,,,,,"",,,,,"10033571",27-JUL-06,"","","","","","","","","","","",,,"","","","","",27-JUL-06,1505.43,222,20428,27-JUL-06,"",4284927,,,,,204,,,"","","","","","","","","","","","","","","","","","","","","",,,"","","","","","",,"",,"","",""
177855,04-AUG-06,2189,04-AUG-06,2189,4062787,03-SEP-06,31698.63,31698.63,1,"OP","EUR","INV",1544,1004,1662,521011,,,4,1,31-DEC-12,31-DEC-12,,26197.22,26197.22,,,,,0,0,0,0,5501.41,5501.41,,,,,"",,,,"",,,,,"","",,,,,,,,"",,,,,"415978",04-AUG-06,"","","","","","","","","","","",,,"","","","","",04-AUG-06,31698.63,222,20428,04-AUG-06,"",4291334,,,,,1018,,,"","","","","","","","","","","","","","","","","","","","","",,,"","","","","","",,"",,"","",""
14603,05-JUL-01,2190,05-JUL-01,2190,-1,05-JUL-01,105321600,105321600,1,"OP","ITL","INV",1809,1004,1603,45506,,,5,1,31-DEC-12,31-DEC-12,,87768000,87768000,,,,,0,0,0,0,17553600,17553600,,,,,"",,,,"",,,,,"","EMU FIXED",05-JUL-01,0.000516456899089486486905235323586070124518,,,,,,"",,,,,"26",05-JUL-01,"","","","","","","","","","","",,,"","","","","",05-JUL-01,54394.07,,,,"",,1337,,,,1017,,,"","","","","","","","","","","","","","","","","","","","","",,,"","","<207>EMU FIXED<187><","<207>20010705000000<187><","<207>.00051645689908948648690523532358607012<187>1.<","<207>54394.07<187>105321600.<",,"",,"","",""
177802,04-AUG-06,2046,04-AUG-06,2046,4062489,03-SEP-06,14826.46,14826.46,1,"OP","GBP","INV",1923,1004,4668,520817,,,4,1,31-DEC-12,31-DEC-12,,12618.26,12618.26,,,,,0,0,0,0,2208.2,2208.2,,,,,"",,,,"",,,,,"","",,,,,,,,"",,,,,"118761",04-AUG-06,"","","","","","","","","","","",,,"","","","","",04-AUG-06,14826.46,222,20428,04-AUG-06,"",4291037,,,,,626,,,"","","","","","","","","","","","","","","","","","","","","",,,"","","","","","",,"",,"","",""
176444,17-JUL-06,1318,17-JUL-06,1318,4042514,14-AUG-06,186575,186575,1,"OP","USD","INV",2018,1004,1017,515264,,,4,1,31-DEC-12,31-DEC-12,,186575,186575,,,,,0,0,0,0,0,0,,,,,"",,,,"",,,,,"","",,,,,,,,"",,,,,"512678",15-JUL-06,"","","","","","","","","","","",,,"","","","","",15-JUL-06,186575,222,20428,17-JUL-06,"",4268404,,,,,204,,,"","","","","","","","","","","","","","","","","","","","","",,,"","","","","","",,"",,"","",""
121989,04-JAN-05,1007953,04-JAN-05,1007953,3033792,30-JAN-05,15552.14,15552.14,1,"OP","USD","INV",2742,1004,9355,317339,,,4,1,31-DEC-12,31-DEC-12,,15099.16,15099.16,,,,,0,0,0,0,452.98,452.98,,,,,"",,,,"",,,,,"","",,,,,,,,"",,,,,"EC7",31-DEC-04,"","","","","","","","","","","",,,"","","","","",31-DEC-04,15552.14,222,20428,04-JAN-05,"",3204806,,,,,5186,,,"","","","","","","","","","","","","","","","","","","","","",,,"","","","","","",,"",,"","",""
143775,15-AUG-05,1007953,15-AUG-05,1007953,3414882,30-AUG-05,12195.9,12195.9,1,"OP","USD","INV",2742,1004,9355,394190,,,4,1,31-DEC-12,31-DEC-12,,11840.66,11840.66,,,,,0,0,0,0,355.24,355.24,,,,,"",,,,"",,,,,"","",,,,,,,,"",,,,,"P14",31-JUL-05,"","","","","","","","","","","",,,"","","","","",31-JUL-05,12195.9,222,20428,15-AUG-05,"",3589415,,,,,5186,,,"","","","","","","","","","","","","","","","","","","","","",,,"","","","","","",,"",,"","",""
125421,11-FEB-05,1007953,11-FEB-05,1007953,3076618,02-MAR-05,24829.68,24829.68,1,"OP","USD","INV",2742,1004,9355,330498,,,4,1,31-DEC-12,31-DEC-12,,24106.49,24106.49,,,,,0,0,0,0,723.19,723.19,,,,,"",,,,"",,,,,"","",,,,,,,,"",,,,,"ECTM8",31-JAN-05,"","","","","","","","","","","",,,"","","","","",31-JAN-05,24829.68,222,20428,11-FEB-05,"",3246053,,,,,5186,,,"","","","","","","","","","","","","","","","","","","","","",,,"","","","","","",,"",,"","",""
125420,11-FEB-05,1007953,11-FEB-05,1007953,3076618,02-MAR-05,10300,10300,1,"OP","USD","INV",2742,1004,9355,330497,,,4,1,31-DEC-12,31-DEC-12,,10000,10000,,,,,0,0,0,0,300,300,,,,,"",,,,"",,,,,"","",,,,,,,,"",,,,,"PC5",31-JAN-05,"","","","","","","","","","","",,,"","","","","",31-JAN-05,10300,222,20428,11-FEB-05,"",3246053,,,,,5186,,,"","","","","","","","","","","","","","","","","","","","","",,,"","","","","","",,"",,"","",""
127442,03-MAR-05,1007953,03-MAR-05,1007953,3102614,30-MAR-05,17163.92,17163.92,1,"OP","USD","INV",2742,1004,9355,337712,,,4,1,31-DEC-12,31-DEC-12,,16664,16664,,,,,0,0,0,0,499.92,499.92,,,,,"",,,,"",,,,,"","",,,,,,,,"",,,,,"PC6",28-FEB-05,"","","","","","","","","","","",,,"","","","","",28-FEB-05,17163.92,222,20428,03-MAR-05,"",3276750,,,,,5186,,,"","","","","","","","","","","","","","","","","","","","","",,,"","","","","","",,"",,"","",""
146550,16-SEP-05,1007953,16-SEP-05,1007953,3458543,30-SEP-05,11720.48,11720.48,1,"OP","USD","INV",2742,1004,9355,402704,,,4,1,31-DEC-12,31-DEC-12,,11379.1,11379.1,,,,,0,0,0,0,341.38,341.38,,,,,"",,,,"",,,,,"","",,,,,,,,"",,,,,"P15",31-AUG-05,"","","","","","","","","","","",,,"","","","","",31-AUG-05,11720.48,222,20428,16-SEP-05,"",3641209,,,,,5186,,,"","","","","","","","","","","","","","","","","","","","","",,,"","","","","","",,"",,"","",""
146548,16-SEP-05,1007953,16-SEP-05,1007953,3458543,30-SEP-05,20994.53,20994.53,1,"OP","USD","INV",2742,1004,9355,402702,,,4,1,31-DEC-12,31-DEC-12,,20383.03,20383.03,,,,,0,0,0,0,611.5,611.5,,,,,"",,,,"",,,,,"","",,,,,,,,"",,,,,"EC15",31-AUG-05,"","","","","","","","","","","",,,"","","","","",31-AUG-05,20994.53,222,20428,16-SEP-05,"",3641209,,,,,5186,,,"","","","","","","","","","","","","","","","","","","","","",,,"","","","","","",,"",,"","",""
177774,03-AUG-06,1007953,03-AUG-06,1007953,4062205,30-AUG-06,10742.6,10742.6,1,"OP","USD","INV",2742,1004,9355,520710,,,4,1,31-DEC-12,31-DEC-12,,10429.7,10429.7,,,,,0,0,0,0,312.9,312.9,,,,,"",,,,"",,,,,"","",,,,,,,,"",,,,,"EC26",31-JUL-06,"","","","","","","","","","","",,,"","","","","",31-JUL-06,10742.6,222,20428,03-AUG-06,"",4290810,,,,,5186,,,"","","","","","","","","","","","","","","","","","","","","",,,"","","","","","",,"",,"","",""
119997,08-DEC-04,1007953,08-DEC-04,1007953,3004921,30-DEC-04,34329.9,34329.9,1,"OP","USD","INV",2742,1004,9355,309842,,,4,1,31-DEC-12,31-DEC-12,,33330,33330,,,,,0,0,0,0,999.9,999.9,,,,,"",,,,"",,,,,"","",,,,,,,,"",,,,,"PC3",30-NOV-04,"","","","","","","","","","","",,,"","","","","",30-NOV-04,34329.9,222,20428,08-DEC-04,"",3178060,,,,,5186,,,"","","","","","","","","","","","","","","","","","","","","",,,"","","","","","",,"",,"","",""
